N(%),C(%),H(%),O(%),H/C,O/C,(O+N)/C,Fe,Pyrolysis temperature,Ball milling(h),Particle size(nm),Pore volume(cm3/g),SSA(m2/g),Addition(mg),Adsorption temperature(ÀÌ),pH,C0(mg/L),Volume(mL),Adsorption time(min),C-C284.8,HO-C=O289,C-O285,Fe(Â·),Fe(Âµ),Adsorption capacity(mg/g)
1.276,66.258,5.926,25.5805,1.073 ,0.515 ,0.537 ,0.00 ,300 ,0 ,2937 ,0.0085 ,3.07 ,30.0 ,25 ,3.76 ,9.660 ,20 ,1440 ,13.69 ,2.65 ,3.54 ,0 ,0 ,1.367 
1.634,74.514,4.298,11.372,0.692 ,0.203 ,0.229 ,0.00 ,400 ,0 ,5681 ,0.0013 ,2.75 ,30.0 ,25 ,3.76 ,9.660 ,20 ,1440 ,12.24 ,1.37 ,8.74 ,0 ,0 ,1.427 
1.2595,76.631,3.446,11.249,0.540 ,0.196 ,0.215 ,0.00 ,500 ,0 ,10098 ,0.0099 ,5.2394 ,30.0 ,25 ,3.76 ,9.660 ,20 ,1440 ,16.53 ,0.49 ,5.97 ,0 ,0 ,0.436 
1.393 ,82.655 ,3.216 ,6.132 ,0.467 ,0.099 ,0.119 ,0.00 ,600 ,0 ,10283 ,0.0563 ,63.67 ,30.0 ,25 ,3.76 ,9.660 ,20 ,1440 ,17.47 ,3.18 ,4.15 ,0 ,0 ,0.173 
1.3735,82.51,1.665,7.6425,0.242 ,0.124 ,0.143 ,0.00 ,700 ,0 ,9228 ,0.0750 ,100.00 ,30.0 ,25 ,3.76 ,9.660 ,20 ,1440 ,14.76 ,2.75 ,7.25 ,0 ,0 ,0.158 
1.542 ,64.849 ,4.450 ,23.176 ,0.823 ,0.477 ,0.504 ,0.00 ,300 ,3 ,1527 ,0.0158 ,3.69 ,30.0 ,25 ,3.54 ,19.208 ,20 ,1440 ,10.32 ,0.80 ,8.33 ,0 ,0 ,7.719 
1.542 ,64.849 ,4.450 ,23.176 ,0.823 ,0.477 ,0.504 ,0.00 ,300 ,3 ,1527 ,0.0158 ,3.69 ,30.0 ,25 ,3.54 ,19.208 ,20 ,1440 ,10.32 ,0.80 ,8.33 ,0 ,0 ,8.103 
1.276 ,64.099 ,3.896 ,25.729 ,0.729 ,0.535 ,0.558 ,0.00 ,300 ,6 ,1442 ,0.0227 ,8.64 ,30.0 ,25 ,3.54 ,19.208 ,20 ,1440 ,12.24 ,2.46 ,4.53 ,0 ,0 ,8.080 
1.276 ,64.099 ,3.896 ,25.729 ,0.729 ,0.535 ,0.558 ,0.00 ,300 ,6 ,1442 ,0.0227 ,8.64 ,30.0 ,25 ,3.54 ,19.208 ,20 ,1440 ,12.24 ,2.46 ,4.53 ,0 ,0 ,8.081 
1.159 ,63.947 ,3.833 ,25.844 ,0.719 ,0.539 ,0.560 ,0.00 ,300 ,9 ,1144 ,0.0210 ,8.71 ,30.0 ,25 ,3.54 ,19.208 ,20 ,1440 ,9.63 ,0.86 ,8.70 ,0 ,0 ,8.530 
1.159 ,63.947 ,3.833 ,25.844 ,0.719 ,0.539 ,0.560 ,0.00 ,300 ,9 ,1144 ,0.0210 ,8.71 ,30.0 ,25 ,3.54 ,19.208 ,20 ,1440 ,9.63 ,0.86 ,8.70 ,0 ,0 ,8.358 
1.115 ,68.230 ,4.106 ,18.654 ,0.722 ,0.365 ,0.384 ,0.00 ,400 ,3 ,685 ,0.0313 ,9.44 ,30.0 ,25 ,3.54 ,19.208 ,20 ,1440 ,10.91 ,0.55 ,9.01 ,0 ,0 ,4.048 
1.115 ,68.230 ,4.106 ,18.654 ,0.722 ,0.365 ,0.384 ,0.00 ,400 ,3 ,685 ,0.0313 ,9.44 ,30.0 ,25 ,3.54 ,19.208 ,20 ,1440 ,10.91 ,0.55 ,9.01 ,0 ,0 ,4.129 
1.141 ,67.930 ,3.732 ,22.175 ,0.659 ,0.435 ,0.455 ,0.00 ,400 ,6 ,930 ,0.0308 ,8.39 ,30.0 ,25 ,3.54 ,19.208 ,20 ,1440 ,12.93 ,0.78 ,6.67 ,0 ,0 ,4.532 
1.141 ,67.930 ,3.732 ,22.175 ,0.659 ,0.435 ,0.455 ,0.00 ,400 ,6 ,930 ,0.0308 ,8.39 ,30.0 ,25 ,3.54 ,19.208 ,20 ,1440 ,12.93 ,0.78 ,6.67 ,0 ,0 ,4.616 
1.224 ,68.198 ,4.001 ,14.342 ,0.704 ,0.280 ,0.301 ,0.00 ,400 ,9 ,857 ,0.0314 ,11.71 ,30.0 ,25 ,3.54 ,19.208 ,20 ,1440 ,16.59 ,1.63 ,2.24 ,0 ,0 ,4.775 
1.224 ,68.198 ,4.001 ,14.342 ,0.704 ,0.280 ,0.301 ,0.00 ,400 ,9 ,857 ,0.0314 ,11.71 ,30.0 ,25 ,3.54 ,19.208 ,20 ,1440 ,16.59 ,1.63 ,2.24 ,0 ,0 ,4.880 
1.155 ,78.711 ,3.911 ,6.855 ,0.596 ,0.116 ,0.133 ,0.00 ,500 ,3 ,428 ,0.1585 ,335.89 ,30.0 ,25 ,3.54 ,19.208 ,20 ,1440 ,18.64 ,3.48 ,1.49 ,0 ,0 ,2.799 
1.155 ,78.711 ,3.911 ,6.855 ,0.596 ,0.116 ,0.133 ,0.00 ,500 ,3 ,428 ,0.1585 ,335.89 ,30.0 ,25 ,3.54 ,19.208 ,20 ,1440 ,18.64 ,3.48 ,1.49 ,0 ,0 ,2.033 
1.374 ,71.007 ,4.182 ,17.699 ,0.707 ,0.332 ,0.355 ,0.00 ,500 ,6 ,442 ,0.1096 ,301.01 ,30.0 ,25 ,3.54 ,19.208 ,20 ,1440 ,11.10 ,0.74 ,9.46 ,0 ,0 ,2.593 
1.374 ,71.007 ,4.182 ,17.699 ,0.707 ,0.332 ,0.355 ,0.00 ,500 ,6 ,442 ,0.1096 ,301.01 ,30.0 ,25 ,3.54 ,19.208 ,20 ,1440 ,11.10 ,0.74 ,9.46 ,0 ,0 ,2.274 
1.313 ,68.292 ,3.954 ,18.546 ,0.695 ,0.362 ,0.385 ,0.00 ,500 ,9 ,720 ,0.1090 ,300.00 ,30.0 ,25 ,3.54 ,19.208 ,20 ,1440 ,10.45 ,1.10 ,8.93 ,0 ,0 ,3.843 
1.313 ,68.292 ,3.954 ,18.546 ,0.695 ,0.362 ,0.385 ,0.00 ,500 ,9 ,720 ,0.1090 ,300.00 ,30.0 ,25 ,3.54 ,19.208 ,20 ,1440 ,10.45 ,1.10 ,8.93 ,0 ,0 ,3.543 
1.338 ,73.489 ,3.577 ,13.969 ,0.584 ,0.253 ,0.275 ,0.00 ,600 ,3 ,349 ,0.1727 ,279.00 ,30.0 ,25 ,3.54 ,19.208 ,20 ,1440 ,14.35 ,2.50 ,5.19 ,0 ,0 ,1.413 
1.338 ,73.489 ,3.577 ,13.969 ,0.584 ,0.253 ,0.275 ,0.00 ,600 ,3 ,349 ,0.1727 ,279.00 ,30.0 ,25 ,3.54 ,19.208 ,20 ,1440 ,14.35 ,2.50 ,5.19 ,0 ,0 ,1.702 
1.408 ,72.443 ,3.529 ,17.448 ,0.585 ,0.321 ,0.344 ,0.00 ,600 ,6 ,434 ,0.1204 ,294.00 ,30.0 ,25 ,3.54 ,19.208 ,20 ,1440 ,14.72 ,3.54 ,3.47 ,0 ,0 ,1.527 
1.408 ,72.443 ,3.529 ,17.448 ,0.585 ,0.321 ,0.344 ,0.00 ,600 ,6 ,434 ,0.1204 ,294.00 ,30.0 ,25 ,3.54 ,19.208 ,20 ,1440 ,14.72 ,3.54 ,3.47 ,0 ,0 ,2.011 
1.279 ,72.482 ,3.469 ,17.413 ,0.574 ,0.320 ,0.341 ,0.00 ,600 ,9 ,380 ,0.1015 ,264.00 ,30.0 ,25 ,3.54 ,19.208 ,20 ,1440 ,11.96 ,1.52 ,8.27 ,0 ,0 ,2.143 
1.279 ,72.482 ,3.469 ,17.413 ,0.574 ,0.320 ,0.341 ,0.00 ,600 ,9 ,380 ,0.1015 ,264.00 ,30.0 ,25 ,3.54 ,19.208 ,20 ,1440 ,11.96 ,1.52 ,8.27 ,0 ,0 ,2.029 
1.251 ,76.053 ,2.893 ,11.655 ,0.456 ,0.204 ,0.224 ,0.00 ,700 ,3 ,462 ,0.1624 ,213.73 ,30.0 ,25 ,3.54 ,19.208 ,20 ,1440 ,14.76 ,0.94 ,7.11 ,0 ,0 ,2.304 
1.251 ,76.053 ,2.893 ,11.655 ,0.456 ,0.204 ,0.224 ,0.00 ,700 ,3 ,462 ,0.1624 ,213.73 ,30.0 ,25 ,3.54 ,19.208 ,20 ,1440 ,14.76 ,0.94 ,7.11 ,0 ,0 ,2.134 
1.276,66.258,5.926,25.5805,1.073 ,0.515 ,0.537 ,0.00 ,300 ,0 ,2937 ,0.0085 ,3.07 ,30.0 ,30.0 ,3.78 ,10.220 ,30.0 ,1440 ,13.69 ,2.65 ,3.54 ,0 ,0 ,2.970 
1.276,66.258,5.926,25.5805,1.073 ,0.515 ,0.537 ,0.00 ,300 ,0 ,2937 ,0.0085 ,3.07 ,30.0 ,30.0 ,3.54 ,19.790 ,30.0 ,1440 ,13.69 ,2.65 ,3.54 ,0 ,0 ,2.910 
1.276,66.258,5.926,25.5805,1.073 ,0.515 ,0.537 ,0.00 ,300 ,0 ,2937 ,0.0085 ,3.07 ,30.0 ,30.0 ,3.48 ,28.920 ,30.0 ,1440 ,13.69 ,2.65 ,3.54 ,0 ,0 ,3.120 
1.276,66.258,5.926,25.5805,1.073 ,0.515 ,0.537 ,0.00 ,300 ,0 ,2937 ,0.0085 ,3.07 ,20.0 ,30.0 ,3.78 ,10.220 ,30.0 ,1440 ,9.13 ,1.77 ,2.36 ,0 ,0 ,3.300 
1.276,66.258,5.926,25.5805,1.073 ,0.515 ,0.537 ,0.00 ,300 ,0 ,2937 ,0.0085 ,3.07 ,20.0 ,30.0 ,3.54 ,19.790 ,30.0 ,1440 ,9.13 ,1.77 ,2.36 ,0 ,0 ,2.880 
1.276,66.258,5.926,25.5805,1.073 ,0.515 ,0.537 ,0.00 ,300 ,0 ,2937 ,0.0085 ,3.07 ,20.0 ,30.0 ,3.48 ,28.920 ,30.0 ,1440 ,9.13 ,1.77 ,2.36 ,0 ,0 ,3.150 
1.276,66.258,5.926,25.5805,1.073 ,0.515 ,0.537 ,0.00 ,300 ,0 ,2937 ,0.0085 ,3.07 ,10.0 ,30.0 ,3.78 ,10.220 ,30.0 ,1440 ,4.56385104,0.88388172,1.17872982,0 ,0 ,3.450 
1.276,66.258,5.926,25.5805,1.073 ,0.515 ,0.537 ,0.00 ,300 ,0 ,2937 ,0.0085 ,3.07 ,10.0 ,30.0 ,3.54 ,19.790 ,30.0 ,1440 ,4.56385104,0.88388172,1.17872982,0 ,0 ,4.020 
1.276,66.258,5.926,25.5805,1.073 ,0.515 ,0.537 ,0.00 ,300 ,0 ,2937 ,0.0085 ,3.07 ,10.0 ,30.0 ,3.48 ,28.920 ,30.0 ,1440 ,4.56385104,0.88388172,1.17872982,0 ,0 ,3.420 
1.276,66.258,5.926,25.5805,1.073 ,0.515 ,0.537 ,0.00 ,300 ,0 ,2937 ,0.0085 ,3.07 ,200.0 ,25 ,3.54 ,19.280 ,200.0 ,10 ,91.2770208,17.6776344,23.5745964,0 ,0 ,1.120 
1.276,66.258,5.926,25.5805,1.073 ,0.515 ,0.537 ,0.00 ,300 ,0 ,2937 ,0.0085 ,3.07 ,200.0 ,25 ,3.54 ,19.280 ,200.0 ,30 ,91.2770208,17.6776344,23.5745964,0 ,0 ,1.600 
1.276,66.258,5.926,25.5805,1.073 ,0.515 ,0.537 ,0.00 ,300 ,0 ,2937 ,0.0085 ,3.07 ,200.0 ,25 ,3.54 ,19.280 ,200.0 ,60 ,91.2770208,17.6776344,23.5745964,0 ,0 ,2.010 
1.276,66.258,5.926,25.5805,1.073 ,0.515 ,0.537 ,0.00 ,300 ,0 ,2937 ,0.0085 ,3.07 ,200.0 ,25 ,3.54 ,19.280 ,200.0 ,120 ,91.2770208,17.6776344,23.5745964,0 ,0 ,1.470 
1.276,66.258,5.926,25.5805,1.073 ,0.515 ,0.537 ,0.00 ,300 ,0 ,2937 ,0.0085 ,3.07 ,200.0 ,25 ,3.54 ,19.280 ,200.0 ,240 ,91.2770208,17.6776344,23.5745964,0 ,0 ,2.710 
1.276,66.258,5.926,25.5805,1.073 ,0.515 ,0.537 ,0.00 ,300 ,0 ,2937 ,0.0085 ,3.07 ,200.0 ,25 ,3.54 ,19.280 ,200.0 ,420 ,91.2770208,17.6776344,23.5745964,0 ,0 ,2.650 
1.276,66.258,5.926,25.5805,1.073 ,0.515 ,0.537 ,0.00 ,300 ,0 ,2937 ,0.0085 ,3.07 ,200.0 ,25 ,3.54 ,19.280 ,200.0 ,1110 ,91.2770208,17.6776344,23.5745964,0 ,0 ,3.350 
1.276,66.258,5.926,25.5805,1.073 ,0.515 ,0.537 ,0.00 ,300 ,0 ,2937 ,0.0085 ,3.07 ,200.0 ,25 ,3.54 ,19.280 ,200.0 ,1440 ,91.2770208,17.6776344,23.5745964,0 ,0 ,3.890 
1.634,74.514,4.298,11.372,0.692 ,0.203 ,0.229 ,0.00 ,400 ,0 ,5681 ,0.0013 ,2.75 ,30.0 ,30.0 ,3.78 ,10.220 ,30.0 ,1440 ,12.24 ,1.37 ,8.74 ,0 ,0 ,1.440 
1.634,74.514,4.298,11.372,0.692 ,0.203 ,0.229 ,0.00 ,400 ,0 ,5681 ,0.0013 ,2.75 ,30.0 ,30.0 ,3.54 ,19.790 ,30.0 ,1440 ,12.24 ,1.37 ,8.74 ,0 ,0 ,1.470 
1.634,74.514,4.298,11.372,0.692 ,0.203 ,0.229 ,0.00 ,400 ,0 ,5681 ,0.0013 ,2.75 ,30.0 ,30.0 ,3.48 ,28.920 ,30.0 ,1440 ,12.24 ,1.37 ,8.74 ,0 ,0 ,1.840 
1.634,74.514,4.298,11.372,0.692 ,0.203 ,0.229 ,0.00 ,400 ,0 ,5681 ,0.0013 ,2.75 ,20.0 ,30.0 ,3.78 ,10.220 ,30.0 ,1440 ,8.16077328,0.91354164,5.82997536,0 ,0 ,1.440 
1.634,74.514,4.298,11.372,0.692 ,0.203 ,0.229 ,0.00 ,400 ,0 ,5681 ,0.0013 ,2.75 ,20.0 ,30.0 ,3.54 ,19.790 ,30.0 ,1440 ,8.16077328,0.91354164,5.82997536,0 ,0 ,1.575 
1.634,74.514,4.298,11.372,0.692 ,0.203 ,0.229 ,0.00 ,400 ,0 ,5681 ,0.0013 ,2.75 ,20.0 ,30.0 ,3.48 ,28.920 ,30.0 ,1440 ,8.16077328,0.91354164,5.82997536,0 ,0 ,1.710 
1.634,74.514,4.298,11.372,0.692 ,0.203 ,0.229 ,0.00 ,400 ,0 ,5681 ,0.0013 ,2.75 ,10.0 ,30.0 ,3.78 ,10.220 ,30.0 ,1440 ,4.08038664,0.45677082,2.91498768,0 ,0 ,1.920 
1.634,74.514,4.298,11.372,0.692 ,0.203 ,0.229 ,0.00 ,400 ,0 ,5681 ,0.0013 ,2.75 ,10.0 ,30.0 ,3.54 ,19.790 ,30.0 ,1440 ,4.08038664,0.45677082,2.91498768,0 ,0 ,2.700 
1.634,74.514,4.298,11.372,0.692 ,0.203 ,0.229 ,0.00 ,400 ,0 ,5681 ,0.0013 ,2.75 ,10.0 ,30.0 ,3.48 ,28.920 ,30.0 ,1440 ,4.08038664,0.45677082,2.91498768,0 ,0 ,0.360 
1.634,74.514,4.298,11.372,0.692 ,0.203 ,0.229 ,0.00 ,400 ,0 ,5681 ,0.0013 ,2.75 ,200.0 ,25 ,3.54 ,19.280 ,200.0 ,10 ,81.6077328,9.1354164,58.2997536,0 ,0 ,0.830 
1.634,74.514,4.298,11.372,0.692 ,0.203 ,0.229 ,0.00 ,400 ,0 ,5681 ,0.0013 ,2.75 ,200.0 ,25 ,3.54 ,19.280 ,200.0 ,30 ,81.6077328,9.1354164,58.2997536,0 ,0 ,0.420 
1.634,74.514,4.298,11.372,0.692 ,0.203 ,0.229 ,0.00 ,400 ,0 ,5681 ,0.0013 ,2.75 ,200.0 ,25 ,3.54 ,19.280 ,200.0 ,60 ,81.6077328,9.1354164,58.2997536,0 ,0 ,1.280 
1.634,74.514,4.298,11.372,0.692 ,0.203 ,0.229 ,0.00 ,400 ,0 ,5681 ,0.0013 ,2.75 ,200.0 ,25 ,3.54 ,19.280 ,200.0 ,120 ,81.6077328,9.1354164,58.2997536,0 ,0 ,1.180 
1.634,74.514,4.298,11.372,0.692 ,0.203 ,0.229 ,0.00 ,400 ,0 ,5681 ,0.0013 ,2.75 ,200.0 ,25 ,3.54 ,19.280 ,200.0 ,240 ,81.6077328,9.1354164,58.2997536,0 ,0 ,0.860 
1.634,74.514,4.298,11.372,0.692 ,0.203 ,0.229 ,0.00 ,400 ,0 ,5681 ,0.0013 ,2.75 ,200.0 ,25 ,3.54 ,19.280 ,200.0 ,420 ,81.6077328,9.1354164,58.2997536,0 ,0 ,1.630 
1.634,74.514,4.298,11.372,0.692 ,0.203 ,0.229 ,0.00 ,400 ,0 ,5681 ,0.0013 ,2.75 ,200.0 ,25 ,3.54 ,19.280 ,200.0 ,1110 ,81.6077328,9.1354164,58.2997536,0 ,0 ,2.010 
1.634,74.514,4.298,11.372,0.692 ,0.203 ,0.229 ,0.00 ,400 ,0 ,5681 ,0.0013 ,2.75 ,200.0 ,25 ,3.54 ,19.280 ,200.0 ,1440 ,81.6077328,9.1354164,58.2997536,0 ,0 ,1.760 
1.634,74.514,4.298,11.372,0.692 ,0.203 ,0.229 ,0.00 ,400 ,0 ,5681 ,0.0013 ,2.75 ,30.0 ,30.0 ,1.28 ,19.790 ,20.0 ,1440 ,12.24 ,1.37 ,8.74 ,0 ,0 ,0.873 
1.634,74.514,4.298,11.372,0.692 ,0.203 ,0.229 ,0.00 ,400 ,0 ,5681 ,0.0013 ,2.75 ,30.0 ,30.0 ,6.02 ,19.790 ,20.0 ,1440 ,12.24 ,1.37 ,8.74 ,0 ,0 ,1.707 
1.634,74.514,4.298,11.372,0.692 ,0.203 ,0.229 ,0.00 ,400 ,0 ,5681 ,0.0013 ,2.75 ,30.0 ,30.0 ,11.36 ,19.790 ,20.0 ,1440 ,12.24 ,1.37 ,8.74 ,0 ,0 ,0.110 
1.2595,76.631,3.446,11.249,0.540 ,0.196 ,0.215 ,0.00 ,500 ,0 ,10098 ,0.0099 ,5.2394 ,30.0 ,30.0 ,3.78 ,10.220 ,30.0 ,1440 ,16.53 ,0.49 ,5.97 ,0 ,0 ,0.480 
1.2595,76.631,3.446,11.249,0.540 ,0.196 ,0.215 ,0.00 ,500 ,0 ,10098 ,0.0099 ,5.2394 ,30.0 ,30.0 ,3.54 ,19.790 ,30.0 ,1440 ,16.53 ,0.49 ,5.97 ,0 ,0 ,0.860 
1.2595,76.631,3.446,11.249,0.540 ,0.196 ,0.215 ,0.00 ,500 ,0 ,10098 ,0.0099 ,5.2394 ,30.0 ,30.0 ,3.48 ,28.920 ,30.0 ,1440 ,16.53 ,0.49 ,5.97 ,0 ,0 ,1.140 
1.2595,76.631,3.446,11.249,0.540 ,0.196 ,0.215 ,0.00 ,500 ,0 ,10098 ,0.0099 ,5.2394 ,20.0 ,30.0 ,3.78 ,10.220 ,30.0 ,1440 ,11.01800518,0.32798068,3.98021414,0 ,0 ,0.525 
1.2595,76.631,3.446,11.249,0.540 ,0.196 ,0.215 ,0.00 ,500 ,0 ,10098 ,0.0099 ,5.2394 ,20.0 ,30.0 ,3.54 ,19.790 ,30.0 ,1440 ,11.01800518,0.32798068,3.98021414,0 ,0 ,1.050 
1.2595,76.631,3.446,11.249,0.540 ,0.196 ,0.215 ,0.00 ,500 ,0 ,10098 ,0.0099 ,5.2394 ,20.0 ,30.0 ,3.48 ,28.920 ,30.0 ,1440 ,11.01800518,0.32798068,3.98021414,0 ,0 ,1.050 
1.2595,76.631,3.446,11.249,0.540 ,0.196 ,0.215 ,0.00 ,500 ,0 ,10098 ,0.0099 ,5.2394 ,10.0 ,30.0 ,3.78 ,10.220 ,30.0 ,1440 ,5.50900259,0.16399034,1.99010707,0 ,0 ,1.170 
1.2595,76.631,3.446,11.249,0.540 ,0.196 ,0.215 ,0.00 ,500 ,0 ,10098 ,0.0099 ,5.2394 ,10.0 ,30.0 ,3.54 ,19.790 ,30.0 ,1440 ,5.50900259,0.16399034,1.99010707,0 ,0 ,1.830 
1.2595,76.631,3.446,11.249,0.540 ,0.196 ,0.215 ,0.00 ,500 ,0 ,10098 ,0.0099 ,5.2394 ,10.0 ,30.0 ,3.48 ,28.920 ,30.0 ,1440 ,5.50900259,0.16399034,1.99010707,0 ,0 ,1.500 
1.2595,76.631,3.446,11.249,0.540 ,0.196 ,0.215 ,0.00 ,500 ,0 ,10098 ,0.0099 ,5.2394 ,200.0 ,25 ,3.54 ,19.280 ,200.0 ,10 ,110.1800518,3.2798068,39.8021414,0 ,0 ,0.510 
1.2595,76.631,3.446,11.249,0.540 ,0.196 ,0.215 ,0.00 ,500 ,0 ,10098 ,0.0099 ,5.2394 ,200.0 ,25 ,3.54 ,19.280 ,200.0 ,30 ,110.1800518,3.2798068,39.8021414,0 ,0 ,0.350 
1.2595,76.631,3.446,11.249,0.540 ,0.196 ,0.215 ,0.00 ,500 ,0 ,10098 ,0.0099 ,5.2394 ,200.0 ,25 ,3.54 ,19.280 ,200.0 ,60 ,110.1800518,3.2798068,39.8021414,0 ,0 ,0.860 
1.2595,76.631,3.446,11.249,0.540 ,0.196 ,0.215 ,0.00 ,500 ,0 ,10098 ,0.0099 ,5.2394 ,200.0 ,25 ,3.54 ,19.280 ,200.0 ,120 ,110.1800518,3.2798068,39.8021414,0 ,0 ,1.090 
1.2595,76.631,3.446,11.249,0.540 ,0.196 ,0.215 ,0.00 ,500 ,0 ,10098 ,0.0099 ,5.2394 ,200.0 ,25 ,3.54 ,19.280 ,200.0 ,240 ,110.1800518,3.2798068,39.8021414,0 ,0 ,1.060 
1.2595,76.631,3.446,11.249,0.540 ,0.196 ,0.215 ,0.00 ,500 ,0 ,10098 ,0.0099 ,5.2394 ,200.0 ,25 ,3.54 ,19.280 ,200.0 ,420 ,110.1800518,3.2798068,39.8021414,0 ,0 ,1.210 
1.2595,76.631,3.446,11.249,0.540 ,0.196 ,0.215 ,0.00 ,500 ,0 ,10098 ,0.0099 ,5.2394 ,200.0 ,25 ,3.54 ,19.280 ,200.0 ,1110 ,110.1800518,3.2798068,39.8021414,0 ,0 ,1.180 
1.2595,76.631,3.446,11.249,0.540 ,0.196 ,0.215 ,0.00 ,500 ,0 ,10098 ,0.0099 ,5.2394 ,200.0 ,25 ,3.54 ,19.280 ,200.0 ,1440 ,110.1800518,3.2798068,39.8021414,0 ,0 ,0.900 
1.393 ,82.655 ,3.216 ,6.132 ,0.467 ,0.099 ,0.119 ,0.00 ,600 ,0 ,10283 ,0.0563 ,63.67 ,30.0 ,30.0 ,3.78 ,10.220 ,30.0 ,1440 ,17.47 ,3.18 ,4.15 ,0 ,0 ,0.350 
1.393 ,82.655 ,3.216 ,6.132 ,0.467 ,0.099 ,0.119 ,0.00 ,600 ,0 ,10283 ,0.0563 ,63.67 ,30.0 ,30.0 ,3.54 ,19.790 ,30.0 ,1440 ,17.47 ,3.18 ,4.15 ,0 ,0 ,0.610 
1.393 ,82.655 ,3.216 ,6.132 ,0.467 ,0.099 ,0.119 ,0.00 ,600 ,0 ,10283 ,0.0563 ,63.67 ,30.0 ,30.0 ,3.48 ,28.920 ,30.0 ,1440 ,17.47 ,3.18 ,4.15 ,0 ,0 ,0.380 
1.393 ,82.655 ,3.216 ,6.132 ,0.467 ,0.099 ,0.119 ,0.00 ,600 ,0 ,10283 ,0.0563 ,63.67 ,20.0 ,30.0 ,3.78 ,10.220 ,30.0 ,1440 ,11.6444364,2.1209273,2.7656363,0 ,0 ,0.675 
1.393 ,82.655 ,3.216 ,6.132 ,0.467 ,0.099 ,0.119 ,0.00 ,600 ,0 ,10283 ,0.0563 ,63.67 ,20.0 ,30.0 ,3.54 ,19.790 ,30.0 ,1440 ,11.6444364,2.1209273,2.7656363,0 ,0 ,0.435 
1.393 ,82.655 ,3.216 ,6.132 ,0.467 ,0.099 ,0.119 ,0.00 ,600 ,0 ,10283 ,0.0563 ,63.67 ,20.0 ,30.0 ,3.48 ,28.920 ,30.0 ,1440 ,11.6444364,2.1209273,2.7656363,0 ,0 ,1.050 
1.393 ,82.655 ,3.216 ,6.132 ,0.467 ,0.099 ,0.119 ,0.00 ,600 ,0 ,10283 ,0.0563 ,63.67 ,10.0 ,30.0 ,3.78 ,10.220 ,30.0 ,1440 ,5.8222182,1.06046365,1.38281815,0 ,0 ,0.870 
1.393 ,82.655 ,3.216 ,6.132 ,0.467 ,0.099 ,0.119 ,0.00 ,600 ,0 ,10283 ,0.0563 ,63.67 ,10.0 ,30.0 ,3.54 ,19.790 ,30.0 ,1440 ,5.8222182,1.06046365,1.38281815,0 ,0 ,0.780 
1.393 ,82.655 ,3.216 ,6.132 ,0.467 ,0.099 ,0.119 ,0.00 ,600 ,0 ,10283 ,0.0563 ,63.67 ,10.0 ,30.0 ,3.48 ,28.920 ,30.0 ,1440 ,5.8222182,1.06046365,1.38281815,0 ,0 ,1.740 
1.393 ,82.655 ,3.216 ,6.132 ,0.467 ,0.099 ,0.119 ,0.00 ,600 ,0 ,10283 ,0.0563 ,63.67 ,200.0 ,25 ,3.54 ,19.280 ,200.0 ,10 ,116.444364,21.209273,27.656363,0 ,0 ,0.130 
1.393 ,82.655 ,3.216 ,6.132 ,0.467 ,0.099 ,0.119 ,0.00 ,600 ,0 ,10283 ,0.0563 ,63.67 ,200.0 ,25 ,3.54 ,19.280 ,200.0 ,30 ,116.444364,21.209273,27.656363,0 ,0 ,0.450 
1.393 ,82.655 ,3.216 ,6.132 ,0.467 ,0.099 ,0.119 ,0.00 ,600 ,0 ,10283 ,0.0563 ,63.67 ,200.0 ,25 ,3.54 ,19.280 ,200.0 ,60 ,116.444364,21.209273,27.656363,0 ,0 ,0.510 
1.393 ,82.655 ,3.216 ,6.132 ,0.467 ,0.099 ,0.119 ,0.00 ,600 ,0 ,10283 ,0.0563 ,63.67 ,200.0 ,25 ,3.54 ,19.280 ,200.0 ,120 ,116.444364,21.209273,27.656363,0 ,0 ,0.830 
1.393 ,82.655 ,3.216 ,6.132 ,0.467 ,0.099 ,0.119 ,0.00 ,600 ,0 ,10283 ,0.0563 ,63.67 ,200.0 ,25 ,3.54 ,19.280 ,200.0 ,240 ,116.444364,21.209273,27.656363,0 ,0 ,0.700 
1.393 ,82.655 ,3.216 ,6.132 ,0.467 ,0.099 ,0.119 ,0.00 ,600 ,0 ,10283 ,0.0563 ,63.67 ,200.0 ,25 ,3.54 ,19.280 ,200.0 ,420 ,116.444364,21.209273,27.656363,0 ,0 ,0.800 
1.393 ,82.655 ,3.216 ,6.132 ,0.467 ,0.099 ,0.119 ,0.00 ,600 ,0 ,10283 ,0.0563 ,63.67 ,200.0 ,25 ,3.54 ,19.280 ,200.0 ,1110 ,116.444364,21.209273,27.656363,0 ,0 ,0.190 
1.393 ,82.655 ,3.216 ,6.132 ,0.467 ,0.099 ,0.119 ,0.00 ,600 ,0 ,10283 ,0.0563 ,63.67 ,200.0 ,25 ,3.54 ,19.280 ,200.0 ,1440 ,116.444364,21.209273,27.656363,0 ,0 ,0.610 
1.542 ,64.849 ,4.450 ,23.176 ,0.823 ,0.477 ,0.504 ,0.00 ,300 ,3 ,1527 ,0.0158 ,3.69 ,30.0 ,35.0 ,3.69 ,10.030 ,30.0 ,1440 ,10.32 ,0.80 ,8.33 ,0 ,0 ,6.990 
1.542 ,64.849 ,4.450 ,23.176 ,0.823 ,0.477 ,0.504 ,0.00 ,300 ,3 ,1527 ,0.0158 ,3.69 ,30.0 ,35.0 ,3.22 ,19.920 ,30.0 ,1440 ,10.32 ,0.80 ,8.33 ,0 ,0 ,9.100 
1.542 ,64.849 ,4.450 ,23.176 ,0.823 ,0.477 ,0.504 ,0.00 ,300 ,3 ,1527 ,0.0158 ,3.69 ,30.0 ,35.0 ,3.44 ,28.020 ,30.0 ,1440 ,10.32 ,0.80 ,8.33 ,0 ,0 ,4.560 
1.542 ,64.849 ,4.450 ,23.176 ,0.823 ,0.477 ,0.504 ,0.00 ,300 ,3 ,1527 ,0.0158 ,3.69 ,20.0 ,35.0 ,3.69 ,10.030 ,30.0 ,1440 ,6.88307286,0.53435576,5.5510744,0 ,0 ,7.905 
1.542 ,64.849 ,4.450 ,23.176 ,0.823 ,0.477 ,0.504 ,0.00 ,300 ,3 ,1527 ,0.0158 ,3.69 ,20.0 ,35.0 ,3.22 ,19.920 ,30.0 ,1440 ,6.88307286,0.53435576,5.5510744,0 ,0 ,10.110 
1.542 ,64.849 ,4.450 ,23.176 ,0.823 ,0.477 ,0.504 ,0.00 ,300 ,3 ,1527 ,0.0158 ,3.69 ,20.0 ,35.0 ,3.44 ,28.020 ,30.0 ,1440 ,6.88307286,0.53435576,5.5510744,0 ,0 ,4.545 
1.542 ,64.849 ,4.450 ,23.176 ,0.823 ,0.477 ,0.504 ,0.00 ,300 ,3 ,1527 ,0.0158 ,3.69 ,10.0 ,35.0 ,3.69 ,10.030 ,30.0 ,1440 ,3.44153643,0.26717788,2.7755372,0 ,0 ,9.300 
1.542 ,64.849 ,4.450 ,23.176 ,0.823 ,0.477 ,0.504 ,0.00 ,300 ,3 ,1527 ,0.0158 ,3.69 ,10.0 ,35.0 ,3.22 ,19.920 ,30.0 ,1440 ,3.44153643,0.26717788,2.7755372,0 ,0 ,10.830 
1.542 ,64.849 ,4.450 ,23.176 ,0.823 ,0.477 ,0.504 ,0.00 ,300 ,3 ,1527 ,0.0158 ,3.69 ,10.0 ,35.0 ,3.44 ,28.020 ,30.0 ,1440 ,3.44153643,0.26717788,2.7755372,0 ,0 ,4.290 
1.542 ,64.849 ,4.450 ,23.176 ,0.823 ,0.477 ,0.504 ,0.00 ,300 ,3 ,1527 ,0.0158 ,3.69 ,200.0 ,25 ,3.54 ,19.280 ,200.0 ,10 ,68.8307286,5.3435576,55.510744,0 ,0 ,3.860 
1.542 ,64.849 ,4.450 ,23.176 ,0.823 ,0.477 ,0.504 ,0.00 ,300 ,3 ,1527 ,0.0158 ,3.69 ,200.0 ,25 ,3.54 ,19.280 ,200.0 ,30 ,68.8307286,5.3435576,55.510744,0 ,0 ,4.560 
1.542 ,64.849 ,4.450 ,23.176 ,0.823 ,0.477 ,0.504 ,0.00 ,300 ,3 ,1527 ,0.0158 ,3.69 ,200.0 ,25 ,3.54 ,19.280 ,200.0 ,60 ,68.8307286,5.3435576,55.510744,0 ,0 ,4.980 
1.542 ,64.849 ,4.450 ,23.176 ,0.823 ,0.477 ,0.504 ,0.00 ,300 ,3 ,1527 ,0.0158 ,3.69 ,200.0 ,25 ,3.54 ,19.280 ,200.0 ,120 ,68.8307286,5.3435576,55.510744,0 ,0 ,5.680 
1.542 ,64.849 ,4.450 ,23.176 ,0.823 ,0.477 ,0.504 ,0.00 ,300 ,3 ,1527 ,0.0158 ,3.69 ,200.0 ,25 ,3.54 ,19.280 ,200.0 ,240 ,68.8307286,5.3435576,55.510744,0 ,0 ,6.100 
1.542 ,64.849 ,4.450 ,23.176 ,0.823 ,0.477 ,0.504 ,0.00 ,300 ,3 ,1527 ,0.0158 ,3.69 ,200.0 ,25 ,3.54 ,19.280 ,200.0 ,420 ,68.8307286,5.3435576,55.510744,0 ,0 ,6.510 
1.542 ,64.849 ,4.450 ,23.176 ,0.823 ,0.477 ,0.504 ,0.00 ,300 ,3 ,1527 ,0.0158 ,3.69 ,200.0 ,25 ,3.54 ,19.280 ,200.0 ,1110 ,68.8307286,5.3435576,55.510744,0 ,0 ,7.530 
1.542 ,64.849 ,4.450 ,23.176 ,0.823 ,0.477 ,0.504 ,0.00 ,300 ,3 ,1527 ,0.0158 ,3.69 ,200.0 ,25 ,3.54 ,19.280 ,200.0 ,1440 ,68.8307286,5.3435576,55.510744,0 ,0 ,8.330 
1.276 ,64.099 ,3.896 ,25.729 ,0.729 ,0.535 ,0.558 ,0.00 ,300 ,6 ,1442 ,0.0227 ,8.64 ,30.0 ,35.0 ,3.69 ,10.030 ,30.0 ,1440 ,12.24 ,2.46 ,4.53 ,0 ,0 ,7.210 
1.276 ,64.099 ,3.896 ,25.729 ,0.729 ,0.535 ,0.558 ,0.00 ,300 ,6 ,1442 ,0.0227 ,8.64 ,30.0 ,35.0 ,3.22 ,19.920 ,30.0 ,1440 ,12.24 ,2.46 ,4.53 ,0 ,0 ,9.260 
1.276 ,64.099 ,3.896 ,25.729 ,0.729 ,0.535 ,0.558 ,0.00 ,300 ,6 ,1442 ,0.0227 ,8.64 ,30.0 ,35.0 ,3.44 ,28.020 ,30.0 ,1440 ,12.24 ,2.46 ,4.53 ,0 ,0 ,4.590 
1.276 ,64.099 ,3.896 ,25.729 ,0.729 ,0.535 ,0.558 ,0.00 ,300 ,6 ,1442 ,0.0227 ,8.64 ,20.0 ,35.0 ,3.69 ,10.030 ,30.0 ,1440 ,8.16108468,1.6409344,3.01778092,0 ,0 ,8.040 
1.276 ,64.099 ,3.896 ,25.729 ,0.729 ,0.535 ,0.558 ,0.00 ,300 ,6 ,1442 ,0.0227 ,8.64 ,20.0 ,35.0 ,3.22 ,19.920 ,30.0 ,1440 ,8.16108468,1.6409344,3.01778092,0 ,0 ,9.675 
1.276 ,64.099 ,3.896 ,25.729 ,0.729 ,0.535 ,0.558 ,0.00 ,300 ,6 ,1442 ,0.0227 ,8.64 ,20.0 ,35.0 ,3.44 ,28.020 ,30.0 ,1440 ,8.16108468,1.6409344,3.01778092,0 ,0 ,4.395 
1.276 ,64.099 ,3.896 ,25.729 ,0.729 ,0.535 ,0.558 ,0.00 ,300 ,6 ,1442 ,0.0227 ,8.64 ,10.0 ,35.0 ,3.69 ,10.030 ,30.0 ,1440 ,4.08054234,0.8204672,1.50889046,0 ,0 ,8.430 
1.276 ,64.099 ,3.896 ,25.729 ,0.729 ,0.535 ,0.558 ,0.00 ,300 ,6 ,1442 ,0.0227 ,8.64 ,10.0 ,35.0 ,3.22 ,19.920 ,30.0 ,1440 ,4.08054234,0.8204672,1.50889046,0 ,0 ,9.480 
1.276 ,64.099 ,3.896 ,25.729 ,0.729 ,0.535 ,0.558 ,0.00 ,300 ,6 ,1442 ,0.0227 ,8.64 ,10.0 ,35.0 ,3.44 ,28.020 ,30.0 ,1440 ,4.08054234,0.8204672,1.50889046,0 ,0 ,4.110 
1.276 ,64.099 ,3.896 ,25.729 ,0.729 ,0.535 ,0.558 ,0.00 ,300 ,6 ,1442 ,0.0227 ,8.64 ,200.0 ,25 ,3.54 ,19.280 ,200.0 ,10 ,81.6108468,16.409344,30.1778092,0 ,0 ,1.820 
1.276 ,64.099 ,3.896 ,25.729 ,0.729 ,0.535 ,0.558 ,0.00 ,300 ,6 ,1442 ,0.0227 ,8.64 ,200.0 ,25 ,3.54 ,19.280 ,200.0 ,30 ,81.6108468,16.409344,30.1778092,0 ,0 ,2.620 
1.276 ,64.099 ,3.896 ,25.729 ,0.729 ,0.535 ,0.558 ,0.00 ,300 ,6 ,1442 ,0.0227 ,8.64 ,200.0 ,25 ,3.54 ,19.280 ,200.0 ,60 ,81.6108468,16.409344,30.1778092,0 ,0 ,3.350 
1.276 ,64.099 ,3.896 ,25.729 ,0.729 ,0.535 ,0.558 ,0.00 ,300 ,6 ,1442 ,0.0227 ,8.64 ,200.0 ,25 ,3.54 ,19.280 ,200.0 ,120 ,81.6108468,16.409344,30.1778092,0 ,0 ,3.960 
1.276 ,64.099 ,3.896 ,25.729 ,0.729 ,0.535 ,0.558 ,0.00 ,300 ,6 ,1442 ,0.0227 ,8.64 ,200.0 ,25 ,3.54 ,19.280 ,200.0 ,240 ,81.6108468,16.409344,30.1778092,0 ,0 ,4.950 
1.276 ,64.099 ,3.896 ,25.729 ,0.729 ,0.535 ,0.558 ,0.00 ,300 ,6 ,1442 ,0.0227 ,8.64 ,200.0 ,25 ,3.54 ,19.280 ,200.0 ,420 ,81.6108468,16.409344,30.1778092,0 ,0 ,5.740 
1.276 ,64.099 ,3.896 ,25.729 ,0.729 ,0.535 ,0.558 ,0.00 ,300 ,6 ,1442 ,0.0227 ,8.64 ,200.0 ,25 ,3.54 ,19.280 ,200.0 ,1110 ,81.6108468,16.409344,30.1778092,0 ,0 ,7.340 
1.276 ,64.099 ,3.896 ,25.729 ,0.729 ,0.535 ,0.558 ,0.00 ,300 ,6 ,1442 ,0.0227 ,8.64 ,200.0 ,25 ,3.54 ,19.280 ,200.0 ,1440 ,81.6108468,16.409344,30.1778092,0 ,0 ,8.460 
1.159 ,63.947 ,3.833 ,25.844 ,0.719 ,0.539 ,0.560 ,0.00 ,300 ,9 ,1144 ,0.0210 ,8.71 ,30.0 ,35.0 ,3.69 ,10.030 ,30.0 ,1440 ,9.63 ,0.86 ,8.70 ,0 ,0 ,7.210 
1.159 ,63.947 ,3.833 ,25.844 ,0.719 ,0.539 ,0.560 ,0.00 ,300 ,9 ,1144 ,0.0210 ,8.71 ,30.0 ,35.0 ,3.22 ,19.920 ,30.0 ,1440 ,9.63 ,0.86 ,8.70 ,0 ,0 ,9.060 
1.159 ,63.947 ,3.833 ,25.844 ,0.719 ,0.539 ,0.560 ,0.00 ,300 ,9 ,1144 ,0.0210 ,8.71 ,30.0 ,35.0 ,3.44 ,28.020 ,30.0 ,1440 ,9.63 ,0.86 ,8.70 ,0 ,0 ,4.650 
1.159 ,63.947 ,3.833 ,25.844 ,0.719 ,0.539 ,0.560 ,0.00 ,300 ,9 ,1144 ,0.0210 ,8.71 ,20.0 ,35.0 ,3.69 ,10.030 ,30.0 ,1440 ,6.41772092,0.57424406,5.79743502,0 ,0 ,7.800 
1.159 ,63.947 ,3.833 ,25.844 ,0.719 ,0.539 ,0.560 ,0.00 ,300 ,9 ,1144 ,0.0210 ,8.71 ,20.0 ,35.0 ,3.22 ,19.920 ,30.0 ,1440 ,6.41772092,0.57424406,5.79743502,0 ,0 ,9.720 
1.159 ,63.947 ,3.833 ,25.844 ,0.719 ,0.539 ,0.560 ,0.00 ,300 ,9 ,1144 ,0.0210 ,8.71 ,20.0 ,35.0 ,3.44 ,28.020 ,30.0 ,1440 ,6.41772092,0.57424406,5.79743502,0 ,0 ,4.440 
1.159 ,63.947 ,3.833 ,25.844 ,0.719 ,0.539 ,0.560 ,0.00 ,300 ,9 ,1144 ,0.0210 ,8.71 ,10.0 ,35.0 ,3.69 ,10.030 ,30.0 ,1440 ,3.20886046,0.28712203,2.89871751,0 ,0 ,8.640 
1.159 ,63.947 ,3.833 ,25.844 ,0.719 ,0.539 ,0.560 ,0.00 ,300 ,9 ,1144 ,0.0210 ,8.71 ,10.0 ,35.0 ,3.22 ,19.920 ,30.0 ,1440 ,3.20886046,0.28712203,2.89871751,0 ,0 ,10.830 
1.159 ,63.947 ,3.833 ,25.844 ,0.719 ,0.539 ,0.560 ,0.00 ,300 ,9 ,1144 ,0.0210 ,8.71 ,10.0 ,35.0 ,3.44 ,28.020 ,30.0 ,1440 ,3.20886046,0.28712203,2.89871751,0 ,0 ,3.900 
1.159 ,63.947 ,3.833 ,25.844 ,0.719 ,0.539 ,0.560 ,0.00 ,300 ,9 ,1144 ,0.0210 ,8.71 ,200.0 ,25 ,3.54 ,19.280 ,200.0 ,10 ,64.1772092,5.7424406,57.9743502,0 ,0 ,1.730 
1.159 ,63.947 ,3.833 ,25.844 ,0.719 ,0.539 ,0.560 ,0.00 ,300 ,9 ,1144 ,0.0210 ,8.71 ,200.0 ,25 ,3.54 ,19.280 ,200.0 ,30 ,64.1772092,5.7424406,57.9743502,0 ,0 ,2.520 
1.159 ,63.947 ,3.833 ,25.844 ,0.719 ,0.539 ,0.560 ,0.00 ,300 ,9 ,1144 ,0.0210 ,8.71 ,200.0 ,25 ,3.54 ,19.280 ,200.0 ,60 ,64.1772092,5.7424406,57.9743502,0 ,0 ,3.190 
1.159 ,63.947 ,3.833 ,25.844 ,0.719 ,0.539 ,0.560 ,0.00 ,300 ,9 ,1144 ,0.0210 ,8.71 ,200.0 ,25 ,3.54 ,19.280 ,200.0 ,120 ,64.1772092,5.7424406,57.9743502,0 ,0 ,4.280 
1.159 ,63.947 ,3.833 ,25.844 ,0.719 ,0.539 ,0.560 ,0.00 ,300 ,9 ,1144 ,0.0210 ,8.71 ,200.0 ,25 ,3.54 ,19.280 ,200.0 ,240 ,64.1772092,5.7424406,57.9743502,0 ,0 ,4.920 
1.159 ,63.947 ,3.833 ,25.844 ,0.719 ,0.539 ,0.560 ,0.00 ,300 ,9 ,1144 ,0.0210 ,8.71 ,200.0 ,25 ,3.54 ,19.280 ,200.0 ,420 ,64.1772092,5.7424406,57.9743502,0 ,0 ,5.810 
1.159 ,63.947 ,3.833 ,25.844 ,0.719 ,0.539 ,0.560 ,0.00 ,300 ,9 ,1144 ,0.0210 ,8.71 ,200.0 ,25 ,3.54 ,19.280 ,200.0 ,1110 ,64.1772092,5.7424406,57.9743502,0 ,0 ,7.500 
1.159 ,63.947 ,3.833 ,25.844 ,0.719 ,0.539 ,0.560 ,0.00 ,300 ,9 ,1144 ,0.0210 ,8.71 ,200.0 ,25 ,3.54 ,19.280 ,200.0 ,1440 ,64.1772092,5.7424406,57.9743502,0 ,0 ,8.330 
1.115 ,68.230 ,4.106 ,18.654 ,0.722 ,0.365 ,0.384 ,0.00 ,400 ,3 ,685 ,0.0313 ,9.44 ,30.0 ,35.0 ,3.69 ,10.030 ,30.0 ,1440 ,10.91 ,0.55 ,9.01 ,0 ,0 ,2.970 
1.115 ,68.230 ,4.106 ,18.654 ,0.722 ,0.365 ,0.384 ,0.00 ,400 ,3 ,685 ,0.0313 ,9.44 ,30.0 ,35.0 ,3.22 ,19.920 ,30.0 ,1440 ,10.91 ,0.55 ,9.01 ,0 ,0 ,4.020 
1.115 ,68.230 ,4.106 ,18.654 ,0.722 ,0.365 ,0.384 ,0.00 ,400 ,3 ,685 ,0.0313 ,9.44 ,30.0 ,35.0 ,3.44 ,28.020 ,30.0 ,1440 ,10.91 ,0.55 ,9.01 ,0 ,0 ,1.660 
1.115 ,68.230 ,4.106 ,18.654 ,0.722 ,0.365 ,0.384 ,0.00 ,400 ,3 ,685 ,0.0313 ,9.44 ,20.0 ,35.0 ,3.69 ,10.030 ,30.0 ,1440 ,7.2746826,0.3657128,6.0056046,0 ,0 ,3.165 
1.115 ,68.230 ,4.106 ,18.654 ,0.722 ,0.365 ,0.384 ,0.00 ,400 ,3 ,685 ,0.0313 ,9.44 ,20.0 ,35.0 ,3.22 ,19.920 ,30.0 ,1440 ,7.2746826,0.3657128,6.0056046,0 ,0 ,4.605 
1.115 ,68.230 ,4.106 ,18.654 ,0.722 ,0.365 ,0.384 ,0.00 ,400 ,3 ,685 ,0.0313 ,9.44 ,20.0 ,35.0 ,3.44 ,28.020 ,30.0 ,1440 ,7.2746826,0.3657128,6.0056046,0 ,0 ,2.340 
1.115 ,68.230 ,4.106 ,18.654 ,0.722 ,0.365 ,0.384 ,0.00 ,400 ,3 ,685 ,0.0313 ,9.44 ,10.0 ,35.0 ,3.69 ,10.030 ,30.0 ,1440 ,3.6373413,0.1828564,3.0028023,0 ,0 ,3.540 
1.115 ,68.230 ,4.106 ,18.654 ,0.722 ,0.365 ,0.384 ,0.00 ,400 ,3 ,685 ,0.0313 ,9.44 ,10.0 ,35.0 ,3.22 ,19.920 ,30.0 ,1440 ,3.6373413,0.1828564,3.0028023,0 ,0 ,3.360 
1.115 ,68.230 ,4.106 ,18.654 ,0.722 ,0.365 ,0.384 ,0.00 ,400 ,3 ,685 ,0.0313 ,9.44 ,10.0 ,35.0 ,3.44 ,28.020 ,30.0 ,1440 ,3.6373413,0.1828564,3.0028023,0 ,0 ,2.490 
1.115 ,68.230 ,4.106 ,18.654 ,0.722 ,0.365 ,0.384 ,0.00 ,400 ,3 ,685 ,0.0313 ,9.44 ,200.0 ,25 ,3.54 ,19.280 ,200.0 ,10 ,72.746826,3.657128,60.056046,0 ,0 ,2.680 
1.115 ,68.230 ,4.106 ,18.654 ,0.722 ,0.365 ,0.384 ,0.00 ,400 ,3 ,685 ,0.0313 ,9.44 ,200.0 ,25 ,3.54 ,19.280 ,200.0 ,30 ,72.746826,3.657128,60.056046,0 ,0 ,3.610 
1.115 ,68.230 ,4.106 ,18.654 ,0.722 ,0.365 ,0.384 ,0.00 ,400 ,3 ,685 ,0.0313 ,9.44 ,200.0 ,25 ,3.54 ,19.280 ,200.0 ,60 ,72.746826,3.657128,60.056046,0 ,0 ,4.210 
1.115 ,68.230 ,4.106 ,18.654 ,0.722 ,0.365 ,0.384 ,0.00 ,400 ,3 ,685 ,0.0313 ,9.44 ,200.0 ,25 ,3.54 ,19.280 ,200.0 ,120 ,72.746826,3.657128,60.056046,0 ,0 ,4.950 
1.115 ,68.230 ,4.106 ,18.654 ,0.722 ,0.365 ,0.384 ,0.00 ,400 ,3 ,685 ,0.0313 ,9.44 ,200.0 ,25 ,3.54 ,19.280 ,200.0 ,240 ,72.746826,3.657128,60.056046,0 ,0 ,5.740 
1.115 ,68.230 ,4.106 ,18.654 ,0.722 ,0.365 ,0.384 ,0.00 ,400 ,3 ,685 ,0.0313 ,9.44 ,200.0 ,25 ,3.54 ,19.280 ,200.0 ,420 ,72.746826,3.657128,60.056046,0 ,0 ,6.260 
1.115 ,68.230 ,4.106 ,18.654 ,0.722 ,0.365 ,0.384 ,0.00 ,400 ,3 ,685 ,0.0313 ,9.44 ,200.0 ,25 ,3.54 ,19.280 ,200.0 ,1110 ,72.746826,3.657128,60.056046,0 ,0 ,6.770 
1.115 ,68.230 ,4.106 ,18.654 ,0.722 ,0.365 ,0.384 ,0.00 ,400 ,3 ,685 ,0.0313 ,9.44 ,200.0 ,25 ,3.54 ,19.280 ,200.0 ,1440 ,72.746826,3.657128,60.056046,0 ,0 ,6.130 
1.141 ,67.930 ,3.732 ,22.175 ,0.659 ,0.435 ,0.455 ,0.00 ,400 ,6 ,930 ,0.0308 ,8.39 ,30.0 ,35.0 ,3.69 ,10.030 ,30.0 ,1440 ,12.93 ,0.78 ,6.67 ,0 ,0 ,1.600 
1.141 ,67.930 ,3.732 ,22.175 ,0.659 ,0.435 ,0.455 ,0.00 ,400 ,6 ,930 ,0.0308 ,8.39 ,30.0 ,35.0 ,3.22 ,19.920 ,30.0 ,1440 ,12.93 ,0.78 ,6.67 ,0 ,0 ,1.180 
1.141 ,67.930 ,3.732 ,22.175 ,0.659 ,0.435 ,0.455 ,0.00 ,400 ,6 ,930 ,0.0308 ,8.39 ,30.0 ,35.0 ,3.44 ,28.020 ,30.0 ,1440 ,12.93 ,0.78 ,6.67 ,0 ,0 ,2.390 
1.141 ,67.930 ,3.732 ,22.175 ,0.659 ,0.435 ,0.455 ,0.00 ,400 ,6 ,930 ,0.0308 ,8.39 ,20.0 ,35.0 ,3.69 ,10.030 ,30.0 ,1440 ,8.6175998,0.523061,4.4466978,0 ,0 ,4.020 
1.141 ,67.930 ,3.732 ,22.175 ,0.659 ,0.435 ,0.455 ,0.00 ,400 ,6 ,930 ,0.0308 ,8.39 ,20.0 ,35.0 ,3.22 ,19.920 ,30.0 ,1440 ,8.6175998,0.523061,4.4466978,0 ,0 ,3.165 
1.141 ,67.930 ,3.732 ,22.175 ,0.659 ,0.435 ,0.455 ,0.00 ,400 ,6 ,930 ,0.0308 ,8.39 ,20.0 ,35.0 ,3.44 ,28.020 ,30.0 ,1440 ,8.6175998,0.523061,4.4466978,0 ,0 ,2.490 
1.141 ,67.930 ,3.732 ,22.175 ,0.659 ,0.435 ,0.455 ,0.00 ,400 ,6 ,930 ,0.0308 ,8.39 ,10.0 ,35.0 ,3.69 ,10.030 ,30.0 ,1440 ,4.3087999,0.2615305,2.2233489,0 ,0 ,9.780 
1.141 ,67.930 ,3.732 ,22.175 ,0.659 ,0.435 ,0.455 ,0.00 ,400 ,6 ,930 ,0.0308 ,8.39 ,10.0 ,35.0 ,3.22 ,19.920 ,30.0 ,1440 ,4.3087999,0.2615305,2.2233489,0 ,0 ,7.110 
1.141 ,67.930 ,3.732 ,22.175 ,0.659 ,0.435 ,0.455 ,0.00 ,400 ,6 ,930 ,0.0308 ,8.39 ,10.0 ,35.0 ,3.44 ,28.020 ,30.0 ,1440 ,4.3087999,0.2615305,2.2233489,0 ,0 ,3.060 
1.141 ,67.930 ,3.732 ,22.175 ,0.659 ,0.435 ,0.455 ,0.00 ,400 ,6 ,930 ,0.0308 ,8.39 ,200.0 ,25 ,3.54 ,19.280 ,200.0 ,10 ,86.175998,5.23061,44.466978,0 ,0 ,1.810 
1.141 ,67.930 ,3.732 ,22.175 ,0.659 ,0.435 ,0.455 ,0.00 ,400 ,6 ,930 ,0.0308 ,8.39 ,200.0 ,25 ,3.54 ,19.280 ,200.0 ,30 ,86.175998,5.23061,44.466978,0 ,0 ,2.610 
1.141 ,67.930 ,3.732 ,22.175 ,0.659 ,0.435 ,0.455 ,0.00 ,400 ,6 ,930 ,0.0308 ,8.39 ,200.0 ,25 ,3.54 ,19.280 ,200.0 ,60 ,86.175998,5.23061,44.466978,0 ,0 ,3.090 
1.141 ,67.930 ,3.732 ,22.175 ,0.659 ,0.435 ,0.455 ,0.00 ,400 ,6 ,930 ,0.0308 ,8.39 ,200.0 ,25 ,3.54 ,19.280 ,200.0 ,120 ,86.175998,5.23061,44.466978,0 ,0 ,3.630 
1.141 ,67.930 ,3.732 ,22.175 ,0.659 ,0.435 ,0.455 ,0.00 ,400 ,6 ,930 ,0.0308 ,8.39 ,200.0 ,25 ,3.54 ,19.280 ,200.0 ,240 ,86.175998,5.23061,44.466978,0 ,0 ,4.490 
1.141 ,67.930 ,3.732 ,22.175 ,0.659 ,0.435 ,0.455 ,0.00 ,400 ,6 ,930 ,0.0308 ,8.39 ,200.0 ,25 ,3.54 ,19.280 ,200.0 ,420 ,86.175998,5.23061,44.466978,0 ,0 ,4.940 
1.141 ,67.930 ,3.732 ,22.175 ,0.659 ,0.435 ,0.455 ,0.00 ,400 ,6 ,930 ,0.0308 ,8.39 ,200.0 ,25 ,3.54 ,19.280 ,200.0 ,1110 ,86.175998,5.23061,44.466978,0 ,0 ,5.580 
1.141 ,67.930 ,3.732 ,22.175 ,0.659 ,0.435 ,0.455 ,0.00 ,400 ,6 ,930 ,0.0308 ,8.39 ,200.0 ,25 ,3.54 ,19.280 ,200.0 ,1440 ,86.175998,5.23061,44.466978,0 ,0 ,5.100 
1.224 ,68.198 ,4.001 ,14.342 ,0.704 ,0.280 ,0.301 ,0.00 ,400 ,9 ,857 ,0.0314 ,11.71 ,30.0 ,35.0 ,3.69 ,10.030 ,30.0 ,1440 ,16.59 ,1.63 ,2.24 ,0 ,0 ,3.320 
1.224 ,68.198 ,4.001 ,14.342 ,0.704 ,0.280 ,0.301 ,0.00 ,400 ,9 ,857 ,0.0314 ,11.71 ,30.0 ,35.0 ,3.22 ,19.920 ,30.0 ,1440 ,16.59 ,1.63 ,2.24 ,0 ,0 ,2.520 
1.224 ,68.198 ,4.001 ,14.342 ,0.704 ,0.280 ,0.301 ,0.00 ,400 ,9 ,857 ,0.0314 ,11.71 ,30.0 ,35.0 ,3.44 ,28.020 ,30.0 ,1440 ,16.59 ,1.63 ,2.24 ,0 ,0 ,2.200 
1.224 ,68.198 ,4.001 ,14.342 ,0.704 ,0.280 ,0.301 ,0.00 ,400 ,9 ,857 ,0.0314 ,11.71 ,20.0 ,35.0 ,3.69 ,10.030 ,30.0 ,1440 ,11.05898768,1.0843482,1.49626412,0 ,0 ,3.600 
1.224 ,68.198 ,4.001 ,14.342 ,0.704 ,0.280 ,0.301 ,0.00 ,400 ,9 ,857 ,0.0314 ,11.71 ,20.0 ,35.0 ,3.22 ,19.920 ,30.0 ,1440 ,11.05898768,1.0843482,1.49626412,0 ,0 ,2.880 
1.224 ,68.198 ,4.001 ,14.342 ,0.704 ,0.280 ,0.301 ,0.00 ,400 ,9 ,857 ,0.0314 ,11.71 ,20.0 ,35.0 ,3.44 ,28.020 ,30.0 ,1440 ,11.05898768,1.0843482,1.49626412,0 ,0 ,2.865 
1.224 ,68.198 ,4.001 ,14.342 ,0.704 ,0.280 ,0.301 ,0.00 ,400 ,9 ,857 ,0.0314 ,11.71 ,10.0 ,35.0 ,3.69 ,10.030 ,30.0 ,1440 ,5.52949384,0.5421741,0.74813206,0 ,0 ,5.070 
1.224 ,68.198 ,4.001 ,14.342 ,0.704 ,0.280 ,0.301 ,0.00 ,400 ,9 ,857 ,0.0314 ,11.71 ,10.0 ,35.0 ,3.22 ,19.920 ,30.0 ,1440 ,5.52949384,0.5421741,0.74813206,0 ,0 ,2.700 
1.224 ,68.198 ,4.001 ,14.342 ,0.704 ,0.280 ,0.301 ,0.00 ,400 ,9 ,857 ,0.0314 ,11.71 ,10.0 ,35.0 ,3.44 ,28.020 ,30.0 ,1440 ,5.52949384,0.5421741,0.74813206,0 ,0 ,1.050 
1.224 ,68.198 ,4.001 ,14.342 ,0.704 ,0.280 ,0.301 ,0.00 ,400 ,9 ,857 ,0.0314 ,11.71 ,200.0 ,25 ,3.54 ,19.280 ,200.0 ,10 ,110.5898768,10.843482,14.9626412,0 ,0 ,2.580 
1.224 ,68.198 ,4.001 ,14.342 ,0.704 ,0.280 ,0.301 ,0.00 ,400 ,9 ,857 ,0.0314 ,11.71 ,200.0 ,25 ,3.54 ,19.280 ,200.0 ,30 ,110.5898768,10.843482,14.9626412,0 ,0 ,3.470 
1.224 ,68.198 ,4.001 ,14.342 ,0.704 ,0.280 ,0.301 ,0.00 ,400 ,9 ,857 ,0.0314 ,11.71 ,200.0 ,25 ,3.54 ,19.280 ,200.0 ,60 ,110.5898768,10.843482,14.9626412,0 ,0 ,4.400 
1.224 ,68.198 ,4.001 ,14.342 ,0.704 ,0.280 ,0.301 ,0.00 ,400 ,9 ,857 ,0.0314 ,11.71 ,200.0 ,25 ,3.54 ,19.280 ,200.0 ,120 ,110.5898768,10.843482,14.9626412,0 ,0 ,5.230 
1.224 ,68.198 ,4.001 ,14.342 ,0.704 ,0.280 ,0.301 ,0.00 ,400 ,9 ,857 ,0.0314 ,11.71 ,200.0 ,25 ,3.54 ,19.280 ,200.0 ,240 ,110.5898768,10.843482,14.9626412,0 ,0 ,5.580 
1.224 ,68.198 ,4.001 ,14.342 ,0.704 ,0.280 ,0.301 ,0.00 ,400 ,9 ,857 ,0.0314 ,11.71 ,200.0 ,25 ,3.54 ,19.280 ,200.0 ,420 ,110.5898768,10.843482,14.9626412,0 ,0 ,6.250 
1.224 ,68.198 ,4.001 ,14.342 ,0.704 ,0.280 ,0.301 ,0.00 ,400 ,9 ,857 ,0.0314 ,11.71 ,200.0 ,25 ,3.54 ,19.280 ,200.0 ,1110 ,110.5898768,10.843482,14.9626412,0 ,0 ,7.170 
1.224 ,68.198 ,4.001 ,14.342 ,0.704 ,0.280 ,0.301 ,0.00 ,400 ,9 ,857 ,0.0314 ,11.71 ,200.0 ,25 ,3.54 ,19.280 ,200.0 ,1440 ,110.5898768,10.843482,14.9626412,0 ,0 ,6.920 
1.155 ,78.711 ,3.911 ,6.855 ,0.596 ,0.116 ,0.133 ,0.00 ,500 ,3 ,428 ,0.1585 ,335.89 ,30.0 ,35.0 ,4.03 ,10.220 ,30.0 ,1440 ,18.64 ,3.48 ,1.49 ,0 ,0 ,1.570 
1.155 ,78.711 ,3.911 ,6.855 ,0.596 ,0.116 ,0.133 ,0.00 ,500 ,3 ,428 ,0.1585 ,335.89 ,30.0 ,35.0 ,3.57 ,20.140 ,30.0 ,1440 ,18.64 ,3.48 ,1.49 ,0 ,0 ,3.130 
1.155 ,78.711 ,3.911 ,6.855 ,0.596 ,0.116 ,0.133 ,0.00 ,500 ,3 ,428 ,0.1585 ,335.89 ,30.0 ,35.0 ,3.44 ,29.440 ,30.0 ,1440 ,18.64 ,3.48 ,1.49 ,0 ,0 ,2.620 
1.155 ,78.711 ,3.911 ,6.855 ,0.596 ,0.116 ,0.133 ,0.00 ,500 ,3 ,428 ,0.1585 ,335.89 ,20.0 ,35.0 ,4.03 ,10.220 ,30.0 ,1440 ,12.42374424,2.3219745,0.99648126,0 ,0 ,2.010 
1.155 ,78.711 ,3.911 ,6.855 ,0.596 ,0.116 ,0.133 ,0.00 ,500 ,3 ,428 ,0.1585 ,335.89 ,20.0 ,35.0 ,3.57 ,20.140 ,30.0 ,1440 ,12.42374424,2.3219745,0.99648126,0 ,0 ,3.690 
1.155 ,78.711 ,3.911 ,6.855 ,0.596 ,0.116 ,0.133 ,0.00 ,500 ,3 ,428 ,0.1585 ,335.89 ,20.0 ,35.0 ,3.44 ,29.440 ,30.0 ,1440 ,12.42374424,2.3219745,0.99648126,0 ,0 ,3.930 
1.155 ,78.711 ,3.911 ,6.855 ,0.596 ,0.116 ,0.133 ,0.00 ,500 ,3 ,428 ,0.1585 ,335.89 ,10.0 ,35.0 ,4.03 ,10.220 ,30.0 ,1440 ,6.21187212,1.16098725,0.49824063,0 ,0 ,2.880 
1.155 ,78.711 ,3.911 ,6.855 ,0.596 ,0.116 ,0.133 ,0.00 ,500 ,3 ,428 ,0.1585 ,335.89 ,10.0 ,35.0 ,3.57 ,20.140 ,30.0 ,1440 ,6.21187212,1.16098725,0.49824063,0 ,0 ,4.410 
1.155 ,78.711 ,3.911 ,6.855 ,0.596 ,0.116 ,0.133 ,0.00 ,500 ,3 ,428 ,0.1585 ,335.89 ,10.0 ,35.0 ,3.44 ,29.440 ,30.0 ,1440 ,6.21187212,1.16098725,0.49824063,0 ,0 ,2.880 
1.155 ,78.711 ,3.911 ,6.855 ,0.596 ,0.116 ,0.133 ,0.00 ,500 ,3 ,428 ,0.1585 ,335.89 ,200.0 ,25 ,3.54 ,19.280 ,200.0 ,10 ,124.2374424,23.219745,9.9648126,0 ,0 ,3.410 
1.155 ,78.711 ,3.911 ,6.855 ,0.596 ,0.116 ,0.133 ,0.00 ,500 ,3 ,428 ,0.1585 ,335.89 ,200.0 ,25 ,3.54 ,19.280 ,200.0 ,30 ,124.2374424,23.219745,9.9648126,0 ,0 ,3.920 
1.155 ,78.711 ,3.911 ,6.855 ,0.596 ,0.116 ,0.133 ,0.00 ,500 ,3 ,428 ,0.1585 ,335.89 ,200.0 ,25 ,3.54 ,19.280 ,200.0 ,60 ,124.2374424,23.219745,9.9648126,0 ,0 ,3.570 
1.155 ,78.711 ,3.911 ,6.855 ,0.596 ,0.116 ,0.133 ,0.00 ,500 ,3 ,428 ,0.1585 ,335.89 ,200.0 ,25 ,3.54 ,19.280 ,200.0 ,120 ,124.2374424,23.219745,9.9648126,0 ,0 ,3.030 
1.155 ,78.711 ,3.911 ,6.855 ,0.596 ,0.116 ,0.133 ,0.00 ,500 ,3 ,428 ,0.1585 ,335.89 ,200.0 ,25 ,3.54 ,19.280 ,200.0 ,240 ,124.2374424,23.219745,9.9648126,0 ,0 ,2.680 
1.155 ,78.711 ,3.911 ,6.855 ,0.596 ,0.116 ,0.133 ,0.00 ,500 ,3 ,428 ,0.1585 ,335.89 ,200.0 ,25 ,3.54 ,19.280 ,200.0 ,420 ,124.2374424,23.219745,9.9648126,0 ,0 ,3.190 
1.155 ,78.711 ,3.911 ,6.855 ,0.596 ,0.116 ,0.133 ,0.00 ,500 ,3 ,428 ,0.1585 ,335.89 ,200.0 ,25 ,3.54 ,19.280 ,200.0 ,1110 ,124.2374424,23.219745,9.9648126,0 ,0 ,2.770 
1.155 ,78.711 ,3.911 ,6.855 ,0.596 ,0.116 ,0.133 ,0.00 ,500 ,3 ,428 ,0.1585 ,335.89 ,200.0 ,25 ,3.54 ,19.280 ,200.0 ,1440 ,124.2374424,23.219745,9.9648126,0 ,0 ,2.290 
1.374 ,71.007 ,4.182 ,17.699 ,0.707 ,0.332 ,0.355 ,0.00 ,500 ,6 ,442 ,0.1096 ,301.01 ,30.0 ,35.0 ,4.03 ,10.220 ,30.0 ,1440 ,11.10 ,0.74 ,9.46 ,0 ,0 ,1.850 
1.374 ,71.007 ,4.182 ,17.699 ,0.707 ,0.332 ,0.355 ,0.00 ,500 ,6 ,442 ,0.1096 ,301.01 ,30.0 ,35.0 ,3.57 ,20.140 ,30.0 ,1440 ,11.10 ,0.74 ,9.46 ,0 ,0 ,3.160 
1.374 ,71.007 ,4.182 ,17.699 ,0.707 ,0.332 ,0.355 ,0.00 ,500 ,6 ,442 ,0.1096 ,301.01 ,30.0 ,35.0 ,3.44 ,29.440 ,30.0 ,1440 ,11.10 ,0.74 ,9.46 ,0 ,0 ,3.400 
1.374 ,71.007 ,4.182 ,17.699 ,0.707 ,0.332 ,0.355 ,0.00 ,500 ,6 ,442 ,0.1096 ,301.01 ,20.0 ,35.0 ,4.03 ,10.220 ,30.0 ,1440 ,7.3989294,0.49562886,6.30684174,0 ,0 ,2.205 
1.374 ,71.007 ,4.182 ,17.699 ,0.707 ,0.332 ,0.355 ,0.00 ,500 ,6 ,442 ,0.1096 ,301.01 ,20.0 ,35.0 ,3.57 ,20.140 ,30.0 ,1440 ,7.3989294,0.49562886,6.30684174,0 ,0 ,3.585 
1.374 ,71.007 ,4.182 ,17.699 ,0.707 ,0.332 ,0.355 ,0.00 ,500 ,6 ,442 ,0.1096 ,301.01 ,20.0 ,35.0 ,3.44 ,29.440 ,30.0 ,1440 ,7.3989294,0.49562886,6.30684174,0 ,0 ,3.540 
1.374 ,71.007 ,4.182 ,17.699 ,0.707 ,0.332 ,0.355 ,0.00 ,500 ,6 ,442 ,0.1096 ,301.01 ,10.0 ,35.0 ,4.03 ,10.220 ,30.0 ,1440 ,3.6994647,0.24781443,3.15342087,0 ,0 ,3.360 
1.374 ,71.007 ,4.182 ,17.699 ,0.707 ,0.332 ,0.355 ,0.00 ,500 ,6 ,442 ,0.1096 ,301.01 ,10.0 ,35.0 ,3.57 ,20.140 ,30.0 ,1440 ,3.6994647,0.24781443,3.15342087,0 ,0 ,5.280 
1.374 ,71.007 ,4.182 ,17.699 ,0.707 ,0.332 ,0.355 ,0.00 ,500 ,6 ,442 ,0.1096 ,301.01 ,10.0 ,35.0 ,3.44 ,29.440 ,30.0 ,1440 ,3.6994647,0.24781443,3.15342087,0 ,0 ,3.840 
1.374 ,71.007 ,4.182 ,17.699 ,0.707 ,0.332 ,0.355 ,0.00 ,500 ,6 ,442 ,0.1096 ,301.01 ,200.0 ,25 ,3.54 ,19.280 ,200.0 ,10 ,73.989294,4.9562886,63.0684174,0 ,0 ,3.030 
1.374 ,71.007 ,4.182 ,17.699 ,0.707 ,0.332 ,0.355 ,0.00 ,500 ,6 ,442 ,0.1096 ,301.01 ,200.0 ,25 ,3.54 ,19.280 ,200.0 ,30 ,73.989294,4.9562886,63.0684174,0 ,0 ,3.920 
1.374 ,71.007 ,4.182 ,17.699 ,0.707 ,0.332 ,0.355 ,0.00 ,500 ,6 ,442 ,0.1096 ,301.01 ,200.0 ,25 ,3.54 ,19.280 ,200.0 ,60 ,73.989294,4.9562886,63.0684174,0 ,0 ,4.460 
1.374 ,71.007 ,4.182 ,17.699 ,0.707 ,0.332 ,0.355 ,0.00 ,500 ,6 ,442 ,0.1096 ,301.01 ,200.0 ,25 ,3.54 ,19.280 ,200.0 ,120 ,73.989294,4.9562886,63.0684174,0 ,0 ,4.270 
1.374 ,71.007 ,4.182 ,17.699 ,0.707 ,0.332 ,0.355 ,0.00 ,500 ,6 ,442 ,0.1096 ,301.01 ,200.0 ,25 ,3.54 ,19.280 ,200.0 ,240 ,73.989294,4.9562886,63.0684174,0 ,0 ,3.790 
1.374 ,71.007 ,4.182 ,17.699 ,0.707 ,0.332 ,0.355 ,0.00 ,500 ,6 ,442 ,0.1096 ,301.01 ,200.0 ,25 ,3.54 ,19.280 ,200.0 ,420 ,73.989294,4.9562886,63.0684174,0 ,0 ,3.540 
1.374 ,71.007 ,4.182 ,17.699 ,0.707 ,0.332 ,0.355 ,0.00 ,500 ,6 ,442 ,0.1096 ,301.01 ,200.0 ,25 ,3.54 ,19.280 ,200.0 ,1110 ,73.989294,4.9562886,63.0684174,0 ,0 ,3.440 
1.374 ,71.007 ,4.182 ,17.699 ,0.707 ,0.332 ,0.355 ,0.00 ,500 ,6 ,442 ,0.1096 ,301.01 ,200.0 ,25 ,3.54 ,19.280 ,200.0 ,1440 ,73.989294,4.9562886,63.0684174,0 ,0 ,3.090 
1.313 ,68.292 ,3.954 ,18.546 ,0.695 ,0.362 ,0.385 ,0.00 ,500 ,9 ,720 ,0.1090 ,300.00 ,30.0 ,35.0 ,4.03 ,10.220 ,30.0 ,1440 ,10.45 ,1.10 ,8.93 ,0 ,0 ,3.130 
1.313 ,68.292 ,3.954 ,18.546 ,0.695 ,0.362 ,0.385 ,0.00 ,500 ,9 ,720 ,0.1090 ,300.00 ,30.0 ,35.0 ,3.57 ,20.140 ,30.0 ,1440 ,10.45 ,1.10 ,8.93 ,0 ,0 ,4.400 
1.313 ,68.292 ,3.954 ,18.546 ,0.695 ,0.362 ,0.385 ,0.00 ,500 ,9 ,720 ,0.1090 ,300.00 ,30.0 ,35.0 ,3.44 ,29.440 ,30.0 ,1440 ,10.45 ,1.10 ,8.93 ,0 ,0 ,4.660 
1.313 ,68.292 ,3.954 ,18.546 ,0.695 ,0.362 ,0.385 ,0.00 ,500 ,9 ,720 ,0.1090 ,300.00 ,20.0 ,35.0 ,4.03 ,10.220 ,30.0 ,1440 ,6.96988152,0.73618776,5.95233072,0 ,0 ,3.690 
1.313 ,68.292 ,3.954 ,18.546 ,0.695 ,0.362 ,0.385 ,0.00 ,500 ,9 ,720 ,0.1090 ,300.00 ,20.0 ,35.0 ,3.57 ,20.140 ,30.0 ,1440 ,6.96988152,0.73618776,5.95233072,0 ,0 ,4.785 
1.313 ,68.292 ,3.954 ,18.546 ,0.695 ,0.362 ,0.385 ,0.00 ,500 ,9 ,720 ,0.1090 ,300.00 ,20.0 ,35.0 ,3.44 ,29.440 ,30.0 ,1440 ,6.96988152,0.73618776,5.95233072,0 ,0 ,5.940 
1.313 ,68.292 ,3.954 ,18.546 ,0.695 ,0.362 ,0.385 ,0.00 ,500 ,9 ,720 ,0.1090 ,300.00 ,10.0 ,35.0 ,4.03 ,10.220 ,30.0 ,1440 ,3.48494076,0.36809388,2.97616536,0 ,0 ,4.020 
1.313 ,68.292 ,3.954 ,18.546 ,0.695 ,0.362 ,0.385 ,0.00 ,500 ,9 ,720 ,0.1090 ,300.00 ,10.0 ,35.0 ,3.57 ,20.140 ,30.0 ,1440 ,3.48494076,0.36809388,2.97616536,0 ,0 ,7.080 
1.313 ,68.292 ,3.954 ,18.546 ,0.695 ,0.362 ,0.385 ,0.00 ,500 ,9 ,720 ,0.1090 ,300.00 ,10.0 ,35.0 ,3.44 ,29.440 ,30.0 ,1440 ,3.48494076,0.36809388,2.97616536,0 ,0 ,8.280 
1.313 ,68.292 ,3.954 ,18.546 ,0.695 ,0.362 ,0.385 ,0.00 ,500 ,9 ,720 ,0.1090 ,300.00 ,200.0 ,25 ,3.54 ,19.280 ,200.0 ,10 ,69.6988152,7.3618776,59.5233072,0 ,0 ,3.470 
1.313 ,68.292 ,3.954 ,18.546 ,0.695 ,0.362 ,0.385 ,0.00 ,500 ,9 ,720 ,0.1090 ,300.00 ,200.0 ,25 ,3.54 ,19.280 ,200.0 ,30 ,69.6988152,7.3618776,59.5233072,0 ,0 ,3.890 
1.313 ,68.292 ,3.954 ,18.546 ,0.695 ,0.362 ,0.385 ,0.00 ,500 ,9 ,720 ,0.1090 ,300.00 ,200.0 ,25 ,3.54 ,19.280 ,200.0 ,60 ,69.6988152,7.3618776,59.5233072,0 ,0 ,4.010 
1.313 ,68.292 ,3.954 ,18.546 ,0.695 ,0.362 ,0.385 ,0.00 ,500 ,9 ,720 ,0.1090 ,300.00 ,200.0 ,25 ,3.54 ,19.280 ,200.0 ,120 ,69.6988152,7.3618776,59.5233072,0 ,0 ,3.950 
1.313 ,68.292 ,3.954 ,18.546 ,0.695 ,0.362 ,0.385 ,0.00 ,500 ,9 ,720 ,0.1090 ,300.00 ,200.0 ,25 ,3.54 ,19.280 ,200.0 ,240 ,69.6988152,7.3618776,59.5233072,0 ,0 ,3.570 
1.313 ,68.292 ,3.954 ,18.546 ,0.695 ,0.362 ,0.385 ,0.00 ,500 ,9 ,720 ,0.1090 ,300.00 ,200.0 ,25 ,3.54 ,19.280 ,200.0 ,420 ,69.6988152,7.3618776,59.5233072,0 ,0 ,3.440 
1.313 ,68.292 ,3.954 ,18.546 ,0.695 ,0.362 ,0.385 ,0.00 ,500 ,9 ,720 ,0.1090 ,300.00 ,200.0 ,25 ,3.54 ,19.280 ,200.0 ,1110 ,69.6988152,7.3618776,59.5233072,0 ,0 ,3.150 
1.313 ,68.292 ,3.954 ,18.546 ,0.695 ,0.362 ,0.385 ,0.00 ,500 ,9 ,720 ,0.1090 ,300.00 ,200.0 ,25 ,3.54 ,19.280 ,200.0 ,1440 ,69.6988152,7.3618776,59.5233072,0 ,0 ,3.250 
1.338 ,73.489 ,3.577 ,13.969 ,0.584 ,0.253 ,0.275 ,0.00 ,600 ,3 ,349 ,0.1727 ,279.00 ,30.0 ,35.0 ,4.03 ,10.220 ,30.0 ,1440 ,14.35 ,2.50 ,5.19 ,0 ,0 ,1.370 
1.338 ,73.489 ,3.577 ,13.969 ,0.584 ,0.253 ,0.275 ,0.00 ,600 ,3 ,349 ,0.1727 ,279.00 ,30.0 ,35.0 ,3.57 ,20.140 ,30.0 ,1440 ,14.35 ,2.50 ,5.19 ,0 ,0 ,2.650 
1.338 ,73.489 ,3.577 ,13.969 ,0.584 ,0.253 ,0.275 ,0.00 ,600 ,3 ,349 ,0.1727 ,279.00 ,30.0 ,35.0 ,3.44 ,29.440 ,30.0 ,1440 ,14.35 ,2.50 ,5.19 ,0 ,0 ,2.440 
1.338 ,73.489 ,3.577 ,13.969 ,0.584 ,0.253 ,0.275 ,0.00 ,600 ,3 ,349 ,0.1727 ,279.00 ,20.0 ,35.0 ,4.03 ,10.220 ,30.0 ,1440 ,9.5682678,1.66967008,3.45986212,0 ,0 ,1.635 
1.338 ,73.489 ,3.577 ,13.969 ,0.584 ,0.253 ,0.275 ,0.00 ,600 ,3 ,349 ,0.1727 ,279.00 ,20.0 ,35.0 ,3.57 ,20.140 ,30.0 ,1440 ,9.5682678,1.66967008,3.45986212,0 ,0 ,3.015 
1.338 ,73.489 ,3.577 ,13.969 ,0.584 ,0.253 ,0.275 ,0.00 ,600 ,3 ,349 ,0.1727 ,279.00 ,20.0 ,35.0 ,3.44 ,29.440 ,30.0 ,1440 ,9.5682678,1.66967008,3.45986212,0 ,0 ,2.310 
1.338 ,73.489 ,3.577 ,13.969 ,0.584 ,0.253 ,0.275 ,0.00 ,600 ,3 ,349 ,0.1727 ,279.00 ,10.0 ,35.0 ,4.03 ,10.220 ,30.0 ,1440 ,4.7841339,0.83483504,1.72993106,0 ,0 ,2.010 
1.338 ,73.489 ,3.577 ,13.969 ,0.584 ,0.253 ,0.275 ,0.00 ,600 ,3 ,349 ,0.1727 ,279.00 ,10.0 ,35.0 ,3.57 ,20.140 ,30.0 ,1440 ,4.7841339,0.83483504,1.72993106,0 ,0 ,4.410 
1.338 ,73.489 ,3.577 ,13.969 ,0.584 ,0.253 ,0.275 ,0.00 ,600 ,3 ,349 ,0.1727 ,279.00 ,10.0 ,35.0 ,3.44 ,29.440 ,30.0 ,1440 ,4.7841339,0.83483504,1.72993106,0 ,0 ,3.060 
1.338 ,73.489 ,3.577 ,13.969 ,0.584 ,0.253 ,0.275 ,0.00 ,600 ,3 ,349 ,0.1727 ,279.00 ,200.0 ,25 ,3.54 ,19.280 ,200.0 ,10 ,95.682678,16.6967008,34.5986212,0 ,0 ,2.740 
1.338 ,73.489 ,3.577 ,13.969 ,0.584 ,0.253 ,0.275 ,0.00 ,600 ,3 ,349 ,0.1727 ,279.00 ,200.0 ,25 ,3.54 ,19.280 ,200.0 ,30 ,95.682678,16.6967008,34.5986212,0 ,0 ,2.420 
1.338 ,73.489 ,3.577 ,13.969 ,0.584 ,0.253 ,0.275 ,0.00 ,600 ,3 ,349 ,0.1727 ,279.00 ,200.0 ,25 ,3.54 ,19.280 ,200.0 ,60 ,95.682678,16.6967008,34.5986212,0 ,0 ,1.780 
1.338 ,73.489 ,3.577 ,13.969 ,0.584 ,0.253 ,0.275 ,0.00 ,600 ,3 ,349 ,0.1727 ,279.00 ,200.0 ,25 ,3.54 ,19.280 ,200.0 ,120 ,95.682678,16.6967008,34.5986212,0 ,0 ,1.850 
1.338 ,73.489 ,3.577 ,13.969 ,0.584 ,0.253 ,0.275 ,0.00 ,600 ,3 ,349 ,0.1727 ,279.00 ,200.0 ,25 ,3.54 ,19.280 ,200.0 ,240 ,95.682678,16.6967008,34.5986212,0 ,0 ,1.910 
1.338 ,73.489 ,3.577 ,13.969 ,0.584 ,0.253 ,0.275 ,0.00 ,600 ,3 ,349 ,0.1727 ,279.00 ,200.0 ,25 ,3.54 ,19.280 ,200.0 ,420 ,95.682678,16.6967008,34.5986212,0 ,0 ,2.160 
1.338 ,73.489 ,3.577 ,13.969 ,0.584 ,0.253 ,0.275 ,0.00 ,600 ,3 ,349 ,0.1727 ,279.00 ,200.0 ,25 ,3.54 ,19.280 ,200.0 ,1110 ,95.682678,16.6967008,34.5986212,0 ,0 ,1.970 
1.338 ,73.489 ,3.577 ,13.969 ,0.584 ,0.253 ,0.275 ,0.00 ,600 ,3 ,349 ,0.1727 ,279.00 ,200.0 ,25 ,3.54 ,19.280 ,200.0 ,1440 ,95.682678,16.6967008,34.5986212,0 ,0 ,1.650 
1.408 ,72.443 ,3.529 ,17.448 ,0.585 ,0.321 ,0.344 ,0.00 ,600 ,6 ,434 ,0.1204 ,294.00 ,30.0 ,35.0 ,4.03 ,10.220 ,30.0 ,1440 ,14.72 ,3.54 ,3.47 ,0 ,0 ,1.470 
1.408 ,72.443 ,3.529 ,17.448 ,0.585 ,0.321 ,0.344 ,0.00 ,600 ,6 ,434 ,0.1204 ,294.00 ,30.0 ,35.0 ,3.57 ,20.140 ,30.0 ,1440 ,14.72 ,3.54 ,3.47 ,0 ,0 ,2.430 
1.408 ,72.443 ,3.529 ,17.448 ,0.585 ,0.321 ,0.344 ,0.00 ,600 ,6 ,434 ,0.1204 ,294.00 ,30.0 ,35.0 ,3.44 ,29.440 ,30.0 ,1440 ,14.72 ,3.54 ,3.47 ,0 ,0 ,3.000 
1.408 ,72.443 ,3.529 ,17.448 ,0.585 ,0.321 ,0.344 ,0.00 ,600 ,6 ,434 ,0.1204 ,294.00 ,20.0 ,35.0 ,4.03 ,10.220 ,30.0 ,1440 ,9.81167992,2.3616418,2.31527828,0 ,0 ,2.055 
1.408 ,72.443 ,3.529 ,17.448 ,0.585 ,0.321 ,0.344 ,0.00 ,600 ,6 ,434 ,0.1204 ,294.00 ,20.0 ,35.0 ,3.57 ,20.140 ,30.0 ,1440 ,9.81167992,2.3616418,2.31527828,0 ,0 ,3.060 
1.408 ,72.443 ,3.529 ,17.448 ,0.585 ,0.321 ,0.344 ,0.00 ,600 ,6 ,434 ,0.1204 ,294.00 ,20.0 ,35.0 ,3.44 ,29.440 ,30.0 ,1440 ,9.81167992,2.3616418,2.31527828,0 ,0 ,2.880 
1.408 ,72.443 ,3.529 ,17.448 ,0.585 ,0.321 ,0.344 ,0.00 ,600 ,6 ,434 ,0.1204 ,294.00 ,10.0 ,35.0 ,4.03 ,10.220 ,30.0 ,1440 ,4.90583996,1.1808209,1.15763914,0 ,0 ,2.310 
1.408 ,72.443 ,3.529 ,17.448 ,0.585 ,0.321 ,0.344 ,0.00 ,600 ,6 ,434 ,0.1204 ,294.00 ,10.0 ,35.0 ,3.57 ,20.140 ,30.0 ,1440 ,4.90583996,1.1808209,1.15763914,0 ,0 ,4.890 
1.408 ,72.443 ,3.529 ,17.448 ,0.585 ,0.321 ,0.344 ,0.00 ,600 ,6 ,434 ,0.1204 ,294.00 ,10.0 ,35.0 ,3.44 ,29.440 ,30.0 ,1440 ,4.90583996,1.1808209,1.15763914,0 ,0 ,2.700 
1.408 ,72.443 ,3.529 ,17.448 ,0.585 ,0.321 ,0.344 ,0.00 ,600 ,6 ,434 ,0.1204 ,294.00 ,200.0 ,25 ,3.54 ,19.280 ,200.0 ,10 ,98.1167992,23.616418,23.1527828,0 ,0 ,3.250 
1.408 ,72.443 ,3.529 ,17.448 ,0.585 ,0.321 ,0.344 ,0.00 ,600 ,6 ,434 ,0.1204 ,294.00 ,200.0 ,25 ,3.54 ,19.280 ,200.0 ,30 ,98.1167992,23.616418,23.1527828,0 ,0 ,2.960 
1.408 ,72.443 ,3.529 ,17.448 ,0.585 ,0.321 ,0.344 ,0.00 ,600 ,6 ,434 ,0.1204 ,294.00 ,200.0 ,25 ,3.54 ,19.280 ,200.0 ,60 ,98.1167992,23.616418,23.1527828,0 ,0 ,2.360 
1.408 ,72.443 ,3.529 ,17.448 ,0.585 ,0.321 ,0.344 ,0.00 ,600 ,6 ,434 ,0.1204 ,294.00 ,200.0 ,25 ,3.54 ,19.280 ,200.0 ,120 ,98.1167992,23.616418,23.1527828,0 ,0 ,2.040 
1.408 ,72.443 ,3.529 ,17.448 ,0.585 ,0.321 ,0.344 ,0.00 ,600 ,6 ,434 ,0.1204 ,294.00 ,200.0 ,25 ,3.54 ,19.280 ,200.0 ,240 ,98.1167992,23.616418,23.1527828,0 ,0 ,2.260 
1.408 ,72.443 ,3.529 ,17.448 ,0.585 ,0.321 ,0.344 ,0.00 ,600 ,6 ,434 ,0.1204 ,294.00 ,200.0 ,25 ,3.54 ,19.280 ,200.0 ,420 ,98.1167992,23.616418,23.1527828,0 ,0 ,2.100 
1.408 ,72.443 ,3.529 ,17.448 ,0.585 ,0.321 ,0.344 ,0.00 ,600 ,6 ,434 ,0.1204 ,294.00 ,200.0 ,25 ,3.54 ,19.280 ,200.0 ,1110 ,98.1167992,23.616418,23.1527828,0 ,0 ,1.880 
1.408 ,72.443 ,3.529 ,17.448 ,0.585 ,0.321 ,0.344 ,0.00 ,600 ,6 ,434 ,0.1204 ,294.00 ,200.0 ,25 ,3.54 ,19.280 ,200.0 ,1440 ,98.1167992,23.616418,23.1527828,0 ,0 ,3.660 
1.279 ,72.482 ,3.469 ,17.413 ,0.574 ,0.320 ,0.341 ,0.00 ,600 ,9 ,380 ,0.1015 ,264.00 ,30.0 ,35.0 ,4.03 ,10.220 ,30.0 ,1440 ,11.96 ,1.52 ,8.27 ,0 ,0 ,1.370 
1.279 ,72.482 ,3.469 ,17.413 ,0.574 ,0.320 ,0.341 ,0.00 ,600 ,9 ,380 ,0.1015 ,264.00 ,30.0 ,35.0 ,3.57 ,20.140 ,30.0 ,1440 ,11.96 ,1.52 ,8.27 ,0 ,0 ,2.940 
1.279 ,72.482 ,3.469 ,17.413 ,0.574 ,0.320 ,0.341 ,0.00 ,600 ,9 ,380 ,0.1015 ,264.00 ,30.0 ,35.0 ,3.44 ,29.440 ,30.0 ,1440 ,11.96 ,1.52 ,8.27 ,0 ,0 ,3.320 
1.279 ,72.482 ,3.469 ,17.413 ,0.574 ,0.320 ,0.341 ,0.00 ,600 ,9 ,380 ,0.1015 ,264.00 ,20.0 ,35.0 ,4.03 ,10.220 ,30.0 ,1440 ,7.97012072,1.01619764,5.51008164,0 ,0 ,1.965 
1.279 ,72.482 ,3.469 ,17.413 ,0.574 ,0.320 ,0.341 ,0.00 ,600 ,9 ,380 ,0.1015 ,264.00 ,20.0 ,35.0 ,3.57 ,20.140 ,30.0 ,1440 ,7.97012072,1.01619764,5.51008164,0 ,0 ,3.300 
1.279 ,72.482 ,3.469 ,17.413 ,0.574 ,0.320 ,0.341 ,0.00 ,600 ,9 ,380 ,0.1015 ,264.00 ,20.0 ,35.0 ,3.44 ,29.440 ,30.0 ,1440 ,7.97012072,1.01619764,5.51008164,0 ,0 ,3.450 
1.279 ,72.482 ,3.469 ,17.413 ,0.574 ,0.320 ,0.341 ,0.00 ,600 ,9 ,380 ,0.1015 ,264.00 ,10.0 ,35.0 ,4.03 ,10.220 ,30.0 ,1440 ,3.98506036,0.50809882,2.75504082,0 ,0 ,3.540 
1.279 ,72.482 ,3.469 ,17.413 ,0.574 ,0.320 ,0.341 ,0.00 ,600 ,9 ,380 ,0.1015 ,264.00 ,10.0 ,35.0 ,3.57 ,20.140 ,30.0 ,1440 ,3.98506036,0.50809882,2.75504082,0 ,0 ,4.590 
1.279 ,72.482 ,3.469 ,17.413 ,0.574 ,0.320 ,0.341 ,0.00 ,600 ,9 ,380 ,0.1015 ,264.00 ,10.0 ,35.0 ,3.44 ,29.440 ,30.0 ,1440 ,3.98506036,0.50809882,2.75504082,0 ,0 ,3.840 
1.279 ,72.482 ,3.469 ,17.413 ,0.574 ,0.320 ,0.341 ,0.00 ,600 ,9 ,380 ,0.1015 ,264.00 ,200.0 ,25 ,3.54 ,19.280 ,200.0 ,10 ,79.7012072,10.1619764,55.1008164,0 ,0 ,3.340 
1.279 ,72.482 ,3.469 ,17.413 ,0.574 ,0.320 ,0.341 ,0.00 ,600 ,9 ,380 ,0.1015 ,264.00 ,200.0 ,25 ,3.54 ,19.280 ,200.0 ,30 ,79.7012072,10.1619764,55.1008164,0 ,0 ,3.820 
1.279 ,72.482 ,3.469 ,17.413 ,0.574 ,0.320 ,0.341 ,0.00 ,600 ,9 ,380 ,0.1015 ,264.00 ,200.0 ,25 ,3.54 ,19.280 ,200.0 ,60 ,79.7012072,10.1619764,55.1008164,0 ,0 ,3.090 
1.279 ,72.482 ,3.469 ,17.413 ,0.574 ,0.320 ,0.341 ,0.00 ,600 ,9 ,380 ,0.1015 ,264.00 ,200.0 ,25 ,3.54 ,19.280 ,200.0 ,120 ,79.7012072,10.1619764,55.1008164,0 ,0 ,2.550 
1.279 ,72.482 ,3.469 ,17.413 ,0.574 ,0.320 ,0.341 ,0.00 ,600 ,9 ,380 ,0.1015 ,264.00 ,200.0 ,25 ,3.54 ,19.280 ,200.0 ,240 ,79.7012072,10.1619764,55.1008164,0 ,0 ,2.640 
1.279 ,72.482 ,3.469 ,17.413 ,0.574 ,0.320 ,0.341 ,0.00 ,600 ,9 ,380 ,0.1015 ,264.00 ,200.0 ,25 ,3.54 ,19.280 ,200.0 ,420 ,79.7012072,10.1619764,55.1008164,0 ,0 ,2.320 
1.279 ,72.482 ,3.469 ,17.413 ,0.574 ,0.320 ,0.341 ,0.00 ,600 ,9 ,380 ,0.1015 ,264.00 ,200.0 ,25 ,3.54 ,19.280 ,200.0 ,1110 ,79.7012072,10.1619764,55.1008164,0 ,0 ,2.290 
1.279 ,72.482 ,3.469 ,17.413 ,0.574 ,0.320 ,0.341 ,0.00 ,600 ,9 ,380 ,0.1015 ,264.00 ,200.0 ,25 ,3.54 ,19.280 ,200.0 ,1440 ,79.7012072,10.1619764,55.1008164,0 ,0 ,2.320 
1.251 ,76.053 ,2.893 ,11.655 ,0.456 ,0.204 ,0.224 ,0.00 ,700 ,3 ,462 ,0.1624 ,213.73 ,30.0 ,35.0 ,4.03 ,10.220 ,30.0 ,1440 ,14.76 ,0.94 ,7.11 ,0 ,0 ,1.470 
1.251 ,76.053 ,2.893 ,11.655 ,0.456 ,0.204 ,0.224 ,0.00 ,700 ,3 ,462 ,0.1624 ,213.73 ,30.0 ,35.0 ,3.57 ,20.140 ,30.0 ,1440 ,14.76 ,0.94 ,7.11 ,0 ,0 ,2.780 
1.251 ,76.053 ,2.893 ,11.655 ,0.456 ,0.204 ,0.224 ,0.00 ,700 ,3 ,462 ,0.1624 ,213.73 ,30.0 ,35.0 ,3.44 ,29.440 ,30.0 ,1440 ,14.76 ,0.94 ,7.11 ,0 ,0 ,2.500 
1.251 ,76.053 ,2.893 ,11.655 ,0.456 ,0.204 ,0.224 ,0.00 ,700 ,3 ,462 ,0.1624 ,213.73 ,20.0 ,35.0 ,4.03 ,10.220 ,30.0 ,1440 ,9.84277926,0.62971884,4.7381019,0 ,0 ,1.635 
1.251 ,76.053 ,2.893 ,11.655 ,0.456 ,0.204 ,0.224 ,0.00 ,700 ,3 ,462 ,0.1624 ,213.73 ,20.0 ,35.0 ,3.57 ,20.140 ,30.0 ,1440 ,9.84277926,0.62971884,4.7381019,0 ,0 ,2.580 
1.251 ,76.053 ,2.893 ,11.655 ,0.456 ,0.204 ,0.224 ,0.00 ,700 ,3 ,462 ,0.1624 ,213.73 ,20.0 ,35.0 ,3.44 ,29.440 ,30.0 ,1440 ,9.84277926,0.62971884,4.7381019,0 ,0 ,3.180 
1.251 ,76.053 ,2.893 ,11.655 ,0.456 ,0.204 ,0.224 ,0.00 ,700 ,3 ,462 ,0.1624 ,213.73 ,10.0 ,35.0 ,4.03 ,10.220 ,30.0 ,1440 ,4.92138963,0.31485942,2.36905095,0 ,0 ,2.490 
1.251 ,76.053 ,2.893 ,11.655 ,0.456 ,0.204 ,0.224 ,0.00 ,700 ,3 ,462 ,0.1624 ,213.73 ,10.0 ,35.0 ,3.57 ,20.140 ,30.0 ,1440 ,4.92138963,0.31485942,2.36905095,0 ,0 ,3.360 
1.251 ,76.053 ,2.893 ,11.655 ,0.456 ,0.204 ,0.224 ,0.00 ,700 ,3 ,462 ,0.1624 ,213.73 ,10.0 ,35.0 ,3.44 ,29.440 ,30.0 ,1440 ,4.92138963,0.31485942,2.36905095,0 ,0 ,2.520 
1.251 ,76.053 ,2.893 ,11.655 ,0.456 ,0.204 ,0.224 ,0.00 ,700 ,3 ,462 ,0.1624 ,213.73 ,200.0 ,25 ,3.54 ,19.280 ,200.0 ,10 ,98.4277926,6.2971884,47.381019,0 ,0 ,2.840 
1.251 ,76.053 ,2.893 ,11.655 ,0.456 ,0.204 ,0.224 ,0.00 ,700 ,3 ,462 ,0.1624 ,213.73 ,200.0 ,25 ,3.54 ,19.280 ,200.0 ,30 ,98.4277926,6.2971884,47.381019,0 ,0 ,3.260 
1.251 ,76.053 ,2.893 ,11.655 ,0.456 ,0.204 ,0.224 ,0.00 ,700 ,3 ,462 ,0.1624 ,213.73 ,200.0 ,25 ,3.54 ,19.280 ,200.0 ,60 ,98.4277926,6.2971884,47.381019,0 ,0 ,2.650 
1.251 ,76.053 ,2.893 ,11.655 ,0.456 ,0.204 ,0.224 ,0.00 ,700 ,3 ,462 ,0.1624 ,213.73 ,200.0 ,25 ,3.54 ,19.280 ,200.0 ,120 ,98.4277926,6.2971884,47.381019,0 ,0 ,1.920 
1.251 ,76.053 ,2.893 ,11.655 ,0.456 ,0.204 ,0.224 ,0.00 ,700 ,3 ,462 ,0.1624 ,213.73 ,200.0 ,25 ,3.54 ,19.280 ,200.0 ,240 ,98.4277926,6.2971884,47.381019,0 ,0 ,2.170 
1.251 ,76.053 ,2.893 ,11.655 ,0.456 ,0.204 ,0.224 ,0.00 ,700 ,3 ,462 ,0.1624 ,213.73 ,200.0 ,25 ,3.54 ,19.280 ,200.0 ,420 ,98.4277926,6.2971884,47.381019,0 ,0 ,1.950 
1.251 ,76.053 ,2.893 ,11.655 ,0.456 ,0.204 ,0.224 ,0.00 ,700 ,3 ,462 ,0.1624 ,213.73 ,200.0 ,25 ,3.54 ,19.280 ,200.0 ,1110 ,98.4277926,6.2971884,47.381019,0 ,0 ,1.850 
1.251 ,76.053 ,2.893 ,11.655 ,0.456 ,0.204 ,0.224 ,0.00 ,700 ,3 ,462 ,0.1624 ,213.73 ,200.0 ,25 ,3.54 ,19.280 ,200.0 ,1440 ,98.4277926,6.2971884,47.381019,0 ,0 ,1.690 
1.542 ,64.849 ,4.450 ,23.176 ,0.823 ,0.477 ,0.504 ,0.00 ,300 ,3 ,1527 ,0.0158 ,3.69 ,30.0 ,35 ,3.22 ,19.920 ,30 ,1440 ,10.32 ,0.80 ,8.33 ,0 ,0 ,9.100 
1.276 ,64.099 ,3.896 ,25.729 ,0.729 ,0.535 ,0.558 ,0.00 ,300 ,6 ,1442 ,0.0227 ,8.64 ,30.0 ,35 ,3.22 ,19.920 ,30 ,1440 ,12.24 ,2.46 ,4.53 ,0 ,0 ,9.260 
1.542 ,64.849 ,4.450 ,23.176 ,0.823 ,0.477 ,0.504 ,0.00 ,300 ,3 ,1527 ,0.0158 ,3.69 ,10.0 ,35 ,3.69 ,10.030 ,30 ,1440 ,3.44 ,0.27 ,2.78 ,0 ,0 ,9.300 
1.276 ,64.099 ,3.896 ,25.729 ,0.729 ,0.535 ,0.558 ,0.00 ,300 ,6 ,1442 ,0.0227 ,8.64 ,10.0 ,35 ,3.22 ,19.920 ,30 ,1440 ,4.08 ,0.82 ,1.51 ,0 ,0 ,9.480 
1.276 ,64.099 ,3.896 ,25.729 ,0.729 ,0.535 ,0.558 ,0.00 ,300 ,6 ,1442 ,0.0227 ,8.64 ,20.0 ,35 ,3.22 ,19.920 ,30 ,1440 ,8.16 ,1.64 ,3.02 ,0 ,0 ,9.680 
1.159 ,63.947 ,3.833 ,25.844 ,0.719 ,0.539 ,0.560 ,0.00 ,300 ,9 ,1144 ,0.0210 ,8.71 ,20.0 ,35 ,3.22 ,19.920 ,30 ,1440 ,6.42 ,0.57 ,5.80 ,0 ,0 ,9.720 
1.141 ,67.930 ,3.732 ,22.175 ,0.659 ,0.435 ,0.455 ,0.00 ,400 ,6 ,930 ,0.0308 ,8.39 ,10.0 ,35 ,3.69 ,10.030 ,30 ,1440 ,4.31 ,0.26 ,0.22 ,0 ,0 ,9.780 
1.542 ,64.849 ,4.450 ,23.176 ,0.823 ,0.477 ,0.504 ,0.00 ,300 ,3 ,1527 ,0.0158 ,3.69 ,20.0 ,35 ,3.22 ,19.920 ,30 ,1440 ,6.88 ,0.53 ,5.55 ,0 ,0 ,10.110 
1.159 ,63.947 ,3.833 ,25.844 ,0.719 ,0.539 ,0.560 ,0.00 ,300 ,9 ,1144 ,0.0210 ,8.71 ,10.0 ,35 ,3.22 ,19.920 ,30 ,1440 ,3.21 ,0.29 ,5.80 ,0 ,0 ,10.830 
1.542 ,64.849 ,4.450 ,23.176 ,0.823 ,0.477 ,0.504 ,0.00 ,300 ,3 ,1527 ,0.0158 ,3.69 ,10.0 ,35 ,3.22 ,19.920 ,30 ,1440 ,3.44 ,0.27 ,2.78 ,0 ,0 ,10.830 
1.634,74.514,4.298,11.372,0.692 ,0.203 ,0.229 ,0.00 ,400 ,0 ,5681 ,0.0013 ,2.75 ,20.0 ,25 ,5.00 ,19.900 ,20 ,1440 ,8.16 ,0.91 ,5.83 ,0 ,0 ,6.697478559
1.634,74.514,4.298,11.372,0.692 ,0.203 ,0.229 ,0.00 ,400 ,0 ,5681 ,0.0013 ,2.75 ,20.0 ,25 ,5.00 ,14.900 ,20 ,1440 ,8.16 ,0.91 ,5.83 ,0 ,0 ,7.066532947
1.634,74.514,4.298,11.372,0.692 ,0.203 ,0.229 ,0.00 ,400 ,0 ,5681 ,0.0013 ,2.75 ,20.0 ,25 ,5.00 ,14.900 ,20 ,1440 ,8.16 ,0.91 ,5.83 ,0 ,0 ,6.893161939
0.370 ,46.480 ,3.410 ,26.560 ,0.880 ,0.762 ,0.771 ,8.75 ,400 ,0 ,,0.1013 ,35.53 ,20.0 ,25 ,5.00 ,14.900 ,20 ,1440 ,5.63 ,0.81 ,2.85 ,1.01 ,0.74 ,10.68090205
0.370 ,46.480 ,3.410 ,26.560 ,0.880 ,0.762 ,0.771 ,8.75 ,400 ,0 ,,0.1013 ,35.53 ,20.0 ,25 ,5.00 ,14.900 ,20 ,1440 ,5.63 ,0.81 ,2.85 ,1.01 ,0.74 ,10.65606998
0.370 ,46.480 ,3.410 ,26.560 ,0.880 ,0.762 ,0.771 ,8.75 ,400 ,0 ,,0.1013 ,35.53 ,20.0 ,25 ,5.00 ,14.900 ,20 ,1440 ,5.63 ,0.81 ,2.85 ,1.01 ,0.74 ,10.74937
0.340 ,40.120 ,2.980 ,20.730 ,0.891 ,0.689 ,0.699 ,21.34 ,400 ,3 ,,0.0062 ,1.53 ,20.0 ,25 ,5.00 ,14.900 ,20 ,1440 ,6.23 ,1.18 ,0.61 ,2.16 ,2.10 ,12.63773837
0.340 ,40.120 ,2.980 ,20.730 ,0.891 ,0.689 ,0.699 ,21.34 ,400 ,3 ,,0.0062 ,1.53 ,20.0 ,25 ,5.00 ,14.900 ,20 ,1440 ,6.23 ,1.18 ,0.61 ,2.16 ,2.10 ,12.63560883
0.340 ,40.120 ,2.980 ,20.730 ,0.891 ,0.689 ,0.699 ,21.34 ,400 ,3 ,,0.0062 ,1.53 ,20.0 ,25 ,5.00 ,14.900 ,20 ,1440 ,6.23 ,1.18 ,0.61 ,2.16 ,2.10 ,12.66509453
1.634,74.514,4.298,11.372,0.692 ,0.203 ,0.229 ,0.00 ,400 ,0 ,5681 ,0.0013 ,2.75 ,200.0 ,25 ,5.00 ,18.119 ,200.0 ,5 ,81.60 ,9.10 ,58.30 ,0.00 ,0.00 ,3.760 
1.634,74.514,4.298,11.372,0.692 ,0.203 ,0.229 ,0.00 ,400 ,0 ,5681 ,0.0013 ,2.75 ,200.0 ,25 ,5.00 ,18.119 ,200.0 ,10 ,81.60 ,9.10 ,58.30 ,0.00 ,0.00 ,4.670 
1.634,74.514,4.298,11.372,0.692 ,0.203 ,0.229 ,0.00 ,400 ,0 ,5681 ,0.0013 ,2.75 ,200.0 ,25 ,5.00 ,18.119 ,200.0 ,15 ,81.60 ,9.10 ,58.30 ,0.00 ,0.00 ,5.080 
1.634,74.514,4.298,11.372,0.692 ,0.203 ,0.229 ,0.00 ,400 ,0 ,5681 ,0.0013 ,2.75 ,200.0 ,25 ,5.00 ,18.119 ,200.0 ,20 ,81.60 ,9.10 ,58.30 ,0.00 ,0.00 ,5.240 
1.634,74.514,4.298,11.372,0.692 ,0.203 ,0.229 ,0.00 ,400 ,0 ,5681 ,0.0013 ,2.75 ,200.0 ,25 ,5.00 ,18.119 ,200.0 ,30 ,81.60 ,9.10 ,58.30 ,0.00 ,0.00 ,5.380 
1.634,74.514,4.298,11.372,0.692 ,0.203 ,0.229 ,0.00 ,400 ,0 ,5681 ,0.0013 ,2.75 ,200.0 ,25 ,5.00 ,18.119 ,200.0 ,60 ,81.60 ,9.10 ,58.30 ,0.00 ,0.00 ,5.900 
1.634,74.514,4.298,11.372,0.692 ,0.203 ,0.229 ,0.00 ,400 ,0 ,5681 ,0.0013 ,2.75 ,200.0 ,25 ,5.00 ,18.119 ,200.0 ,150 ,81.60 ,9.10 ,58.30 ,0.00 ,0.00 ,6.580 
1.634,74.514,4.298,11.372,0.692 ,0.203 ,0.229 ,0.00 ,400 ,0 ,5681 ,0.0013 ,2.75 ,200.0 ,25 ,5.00 ,18.119 ,200.0 ,240 ,81.60 ,9.10 ,58.30 ,0.00 ,0.00 ,6.810 
1.634,74.514,4.298,11.372,0.692 ,0.203 ,0.229 ,0.00 ,400 ,0 ,5681 ,0.0013 ,2.75 ,200.0 ,25 ,5.00 ,18.119 ,200.0 ,360 ,81.60 ,9.10 ,58.30 ,0.00 ,0.00 ,7.060 
1.634,74.514,4.298,11.372,0.692 ,0.203 ,0.229 ,0.00 ,400 ,0 ,5681 ,0.0013 ,2.75 ,200.0 ,25 ,5.00 ,18.119 ,200.0 ,720 ,81.60 ,9.10 ,58.30 ,0.00 ,0.00 ,7.230 
1.634,74.514,4.298,11.372,0.692 ,0.203 ,0.229 ,0.00 ,400 ,0 ,5681 ,0.0013 ,2.75 ,200.0 ,25 ,5.00 ,18.119 ,200.0 ,1080 ,81.60 ,9.10 ,58.30 ,0.00 ,0.00 ,7.040 
1.634,74.514,4.298,11.372,0.692 ,0.203 ,0.229 ,0.00 ,400 ,0 ,5681 ,0.0013 ,2.75 ,200.0 ,25 ,5.00 ,18.119 ,200.0 ,1440 ,81.60 ,9.10 ,58.30 ,0.00 ,0.00 ,7.290 
0.370 ,46.480 ,3.410 ,26.560 ,0.880 ,0.762 ,0.771 ,8.75 ,400 ,0 ,934 ,0.1013 ,35.53 ,200.0 ,25 ,5.00 ,18.119 ,200.0 ,5 ,56.30 ,8.10 ,28.50 ,10.13 ,7.40 ,8.780 
0.370 ,46.480 ,3.410 ,26.560 ,0.880 ,0.762 ,0.771 ,8.75 ,400 ,0 ,934 ,0.1013 ,35.53 ,200.0 ,25 ,5.00 ,18.119 ,200.0 ,10 ,56.30 ,8.10 ,28.50 ,10.13 ,7.40 ,10.450 
0.370 ,46.480 ,3.410 ,26.560 ,0.880 ,0.762 ,0.771 ,8.75 ,400 ,0 ,934 ,0.1013 ,35.53 ,200.0 ,25 ,5.00 ,18.119 ,200.0 ,15 ,56.30 ,8.10 ,28.50 ,10.13 ,7.40 ,10.750 
0.370 ,46.480 ,3.410 ,26.560 ,0.880 ,0.762 ,0.771 ,8.75 ,400 ,0 ,934 ,0.1013 ,35.53 ,200.0 ,25 ,5.00 ,18.119 ,200.0 ,20 ,56.30 ,8.10 ,28.50 ,10.13 ,7.40 ,11.260 
0.370 ,46.480 ,3.410 ,26.560 ,0.880 ,0.762 ,0.771 ,8.75 ,400 ,0 ,934 ,0.1013 ,35.53 ,200.0 ,25 ,5.00 ,18.119 ,200.0 ,30 ,56.30 ,8.10 ,28.50 ,10.13 ,7.40 ,11.750 
0.370 ,46.480 ,3.410 ,26.560 ,0.880 ,0.762 ,0.771 ,8.75 ,400 ,0 ,934 ,0.1013 ,35.53 ,200.0 ,25 ,5.00 ,18.119 ,200.0 ,60 ,56.30 ,8.10 ,28.50 ,10.13 ,7.40 ,11.910 
0.370 ,46.480 ,3.410 ,26.560 ,0.880 ,0.762 ,0.771 ,8.75 ,400 ,0 ,934 ,0.1013 ,35.53 ,200.0 ,25 ,5.00 ,18.119 ,200.0 ,150 ,56.30 ,8.10 ,28.50 ,10.13 ,7.40 ,11.950 
0.370 ,46.480 ,3.410 ,26.560 ,0.880 ,0.762 ,0.771 ,8.75 ,400 ,0 ,934 ,0.1013 ,35.53 ,200.0 ,25 ,5.00 ,18.119 ,200.0 ,240 ,56.30 ,8.10 ,28.50 ,10.13 ,7.40 ,12.160 
0.370 ,46.480 ,3.410 ,26.560 ,0.880 ,0.762 ,0.771 ,8.75 ,400 ,0 ,934 ,0.1013 ,35.53 ,200.0 ,25 ,5.00 ,18.119 ,200.0 ,360 ,56.30 ,8.10 ,28.50 ,10.13 ,7.40 ,12.030 
0.370 ,46.480 ,3.410 ,26.560 ,0.880 ,0.762 ,0.771 ,8.75 ,400 ,0 ,934 ,0.1013 ,35.53 ,200.0 ,25 ,5.00 ,18.119 ,200.0 ,720 ,56.30 ,8.10 ,28.50 ,10.13 ,7.40 ,12.110 
0.370 ,46.480 ,3.410 ,26.560 ,0.880 ,0.762 ,0.771 ,8.75 ,400 ,0 ,934 ,0.1013 ,35.53 ,200.0 ,25 ,5.00 ,18.119 ,200.0 ,1080 ,56.30 ,8.10 ,28.50 ,10.13 ,7.40 ,11.970 
0.370 ,46.480 ,3.410 ,26.560 ,0.880 ,0.762 ,0.771 ,8.75 ,400 ,0 ,934 ,0.1013 ,35.53 ,200.0 ,25 ,5.00 ,18.119 ,200.0 ,1440 ,56.30 ,8.10 ,28.50 ,10.13 ,7.40 ,12.200 
0.340 ,40.120 ,2.980 ,20.730 ,0.891 ,0.689 ,0.699 ,21.34 ,400 ,3 ,640 ,0.0062 ,1.53 ,200.0 ,25 ,5.00 ,18.119 ,200.0 ,5 ,62.30 ,11.80 ,6.10 ,21.60 ,21.00 ,6.420 
0.340 ,40.120 ,2.980 ,20.730 ,0.891 ,0.689 ,0.699 ,21.34 ,400 ,3 ,640 ,0.0062 ,1.53 ,200.0 ,25 ,5.00 ,18.119 ,200.0 ,10 ,62.30 ,11.80 ,6.10 ,21.60 ,21.00 ,6.930 
0.340 ,40.120 ,2.980 ,20.730 ,0.891 ,0.689 ,0.699 ,21.34 ,400 ,3 ,640 ,0.0062 ,1.53 ,200.0 ,25 ,5.00 ,18.119 ,200.0 ,15 ,62.30 ,11.80 ,6.10 ,21.60 ,21.00 ,8.240 
0.340 ,40.120 ,2.980 ,20.730 ,0.891 ,0.689 ,0.699 ,21.34 ,400 ,3 ,640 ,0.0062 ,1.53 ,200.0 ,25 ,5.00 ,18.119 ,200.0 ,20 ,62.30 ,11.80 ,6.10 ,21.60 ,21.00 ,9.740 
0.340 ,40.120 ,2.980 ,20.730 ,0.891 ,0.689 ,0.699 ,21.34 ,400 ,3 ,640 ,0.0062 ,1.53 ,200.0 ,25 ,5.00 ,18.119 ,200.0 ,30 ,62.30 ,11.80 ,6.10 ,21.60 ,21.00 ,10.330 
0.340 ,40.120 ,2.980 ,20.730 ,0.891 ,0.689 ,0.699 ,21.34 ,400 ,3 ,640 ,0.0062 ,1.53 ,200.0 ,25 ,5.00 ,18.119 ,200.0 ,60 ,62.30 ,11.80 ,6.10 ,21.60 ,21.00 ,11.870 
0.340 ,40.120 ,2.980 ,20.730 ,0.891 ,0.689 ,0.699 ,21.34 ,400 ,3 ,640 ,0.0062 ,1.53 ,200.0 ,25 ,5.00 ,18.119 ,200.0 ,150 ,62.30 ,11.80 ,6.10 ,21.60 ,21.00 ,12.720 
0.340 ,40.120 ,2.980 ,20.730 ,0.891 ,0.689 ,0.699 ,21.34 ,400 ,3 ,640 ,0.0062 ,1.53 ,200.0 ,25 ,5.00 ,18.119 ,200.0 ,240 ,62.30 ,11.80 ,6.10 ,21.60 ,21.00 ,13.270 
0.340 ,40.120 ,2.980 ,20.730 ,0.891 ,0.689 ,0.699 ,21.34 ,400 ,3 ,640 ,0.0062 ,1.53 ,200.0 ,25 ,5.00 ,18.119 ,200.0 ,360 ,62.30 ,11.80 ,6.10 ,21.60 ,21.00 ,13.250 
0.340 ,40.120 ,2.980 ,20.730 ,0.891 ,0.689 ,0.699 ,21.34 ,400 ,3 ,640 ,0.0062 ,1.53 ,200.0 ,25 ,5.00 ,18.119 ,200.0 ,720 ,62.30 ,11.80 ,6.10 ,21.60 ,21.00 ,13.330 
0.340 ,40.120 ,2.980 ,20.730 ,0.891 ,0.689 ,0.699 ,21.34 ,400 ,3 ,640 ,0.0062 ,1.53 ,200.0 ,25 ,5.00 ,18.119 ,200.0 ,1080 ,62.30 ,11.80 ,6.10 ,21.60 ,21.00 ,13.270 
0.340 ,40.120 ,2.980 ,20.730 ,0.891 ,0.689 ,0.699 ,21.34 ,400 ,3 ,640 ,0.0062 ,1.53 ,200.0 ,25 ,5.00 ,18.119 ,200.0 ,1440 ,62.30 ,11.80 ,6.10 ,21.60 ,21.00 ,13.080 
1.634,74.514,4.298,11.372,0.692 ,0.203 ,0.229 ,0.00 ,400 ,0 ,5681 ,0.0013 ,2.75 ,20.0 ,25 ,5.00 ,14.894 ,20 ,1440 ,8.16 ,0.91 ,5.83 ,0.00 ,0.00 ,6.697478559
1.634,74.514,4.298,11.372,0.692 ,0.203 ,0.229 ,0.00 ,400 ,0 ,5681 ,0.0013 ,2.75 ,20.0 ,25 ,5.00 ,14.894 ,20 ,1440 ,8.16 ,0.91 ,5.83 ,0.00 ,0.00 ,7.066532947
1.634,74.514,4.298,11.372,0.692 ,0.203 ,0.229 ,0.00 ,400 ,0 ,5681 ,0.0013 ,2.75 ,20.0 ,25 ,5.00 ,14.894 ,20 ,1440 ,8.16 ,0.91 ,5.83 ,0.00 ,0.00 ,6.893161939
1.634,74.514,4.298,11.372,0.692 ,0.203 ,0.229 ,0.00 ,400 ,0 ,5681 ,0.0013 ,2.75 ,20.0 ,35 ,5.00 ,15.873 ,20 ,1440 ,8.16 ,0.91 ,5.83 ,0.00 ,0.00 ,6.707733806
1.634,74.514,4.298,11.372,0.692 ,0.203 ,0.229 ,0.00 ,400 ,0 ,5681 ,0.0013 ,2.75 ,20.0 ,35 ,5.00 ,15.873 ,20 ,1440 ,8.16 ,0.91 ,5.83 ,0.00 ,0.00 ,6.750641518
1.634,74.514,4.298,11.372,0.692 ,0.203 ,0.229 ,0.00 ,400 ,0 ,5681 ,0.0013 ,2.75 ,20.0 ,35 ,5.00 ,15.873 ,20 ,1440 ,8.16 ,0.91 ,5.83 ,0.00 ,0.00 ,6.578466401
1.634,74.514,4.298,11.372,0.692 ,0.203 ,0.229 ,0.00 ,400 ,0 ,5681 ,0.0013 ,2.75 ,20.0 ,45 ,5.00 ,15.873 ,20 ,1440 ,8.16 ,0.91 ,5.83 ,0.00 ,0.00 ,5.896562339
1.634,74.514,4.298,11.372,0.692 ,0.203 ,0.229 ,0.00 ,400 ,0 ,5681 ,0.0013 ,2.75 ,20.0 ,45 ,5.00 ,15.873 ,20 ,1440 ,8.16 ,0.91 ,5.83 ,0.00 ,0.00 ,5.896899362
1.634,74.514,4.298,11.372,0.692 ,0.203 ,0.229 ,0.00 ,400 ,0 ,5681 ,0.0013 ,2.75 ,20.0 ,45 ,5.00 ,15.873 ,20 ,1440 ,8.16 ,0.91 ,5.83 ,0.00 ,0.00 ,6.105136491
0.370 ,46.480 ,3.410 ,26.560 ,0.880 ,0.762 ,0.771 ,8.75 ,400 ,0 ,934 ,0.1013 ,35.53 ,20.0 ,25 ,5.00 ,14.894 ,20 ,1440 ,5.63 ,0.81 ,2.85 ,1.01 ,0.74 ,10.68090205
0.370 ,46.480 ,3.410 ,26.560 ,0.880 ,0.762 ,0.771 ,8.75 ,400 ,0 ,934 ,0.1013 ,35.53 ,20.0 ,25 ,5.00 ,14.894 ,20 ,1440 ,5.63 ,0.81 ,2.85 ,1.01 ,0.74 ,10.65606998
0.370 ,46.480 ,3.410 ,26.560 ,0.880 ,0.762 ,0.771 ,8.75 ,400 ,0 ,934 ,0.1013 ,35.53 ,20.0 ,25 ,5.00 ,14.894 ,20 ,1440 ,5.63 ,0.81 ,2.85 ,1.01 ,0.74 ,10.74937
0.370 ,46.480 ,3.410 ,26.560 ,0.880 ,0.762 ,0.771 ,8.75 ,400 ,0 ,934 ,0.1013 ,35.53 ,20.0 ,35 ,5.00 ,15.873 ,20 ,1440 ,5.63 ,0.81 ,2.85 ,1.01 ,0.74 ,8.929922536
0.370 ,46.480 ,3.410 ,26.560 ,0.880 ,0.762 ,0.771 ,8.75 ,400 ,0 ,934 ,0.1013 ,35.53 ,20.0 ,35 ,5.00 ,15.873 ,20 ,1440 ,5.63 ,0.81 ,2.85 ,1.01 ,0.74 ,8.819326902
0.370 ,46.480 ,3.410 ,26.560 ,0.880 ,0.762 ,0.771 ,8.75 ,400 ,0 ,934 ,0.1013 ,35.53 ,20.0 ,35 ,5.00 ,15.873 ,20 ,1440 ,5.63 ,0.81 ,2.85 ,1.01 ,0.74 ,8.262676114
0.370 ,46.480 ,3.410 ,26.560 ,0.880 ,0.762 ,0.771 ,8.75 ,400 ,0 ,934 ,0.1013 ,35.53 ,20.0 ,45 ,5.00 ,15.873 ,20 ,1440 ,5.63 ,0.81 ,2.85 ,1.01 ,0.74 ,7.810694348
0.370 ,46.480 ,3.410 ,26.560 ,0.880 ,0.762 ,0.771 ,8.75 ,400 ,0 ,934 ,0.1013 ,35.53 ,20.0 ,45 ,5.00 ,15.873 ,20 ,1440 ,5.63 ,0.81 ,2.85 ,1.01 ,0.74 ,7.544917567
0.370 ,46.480 ,3.410 ,26.560 ,0.880 ,0.762 ,0.771 ,8.75 ,400 ,0 ,934 ,0.1013 ,35.53 ,20.0 ,45 ,5.00 ,15.873 ,20 ,1440 ,5.63 ,0.81 ,2.85 ,1.01 ,0.74 ,7.748058651
0.340 ,40.120 ,2.980 ,20.730 ,0.891 ,0.689 ,0.699 ,21.34 ,400 ,3 ,640 ,0.0062 ,1.53 ,20.0 ,25 ,5.00 ,14.894 ,20 ,1440 ,6.23 ,1.18 ,0.61 ,2.16 ,2.10 ,12.63773837
0.340 ,40.120 ,2.980 ,20.730 ,0.891 ,0.689 ,0.699 ,21.34 ,400 ,3 ,640 ,0.0062 ,1.53 ,20.0 ,25 ,5.00 ,14.894 ,20 ,1440 ,6.23 ,1.18 ,0.61 ,2.16 ,2.10 ,12.63560883
0.340 ,40.120 ,2.980 ,20.730 ,0.891 ,0.689 ,0.699 ,21.34 ,400 ,3 ,640 ,0.0062 ,1.53 ,20.0 ,25 ,5.00 ,14.894 ,20 ,1440 ,6.23 ,1.18 ,0.61 ,2.16 ,2.10 ,12.66509453
0.340 ,40.120 ,2.980 ,20.730 ,0.891 ,0.689 ,0.699 ,21.34 ,400 ,3 ,640 ,0.0062 ,1.53 ,20.0 ,35 ,5.00 ,15.873 ,20 ,1440 ,6.23 ,1.18 ,0.61 ,2.16 ,2.10 ,10.65422837
0.340 ,40.120 ,2.980 ,20.730 ,0.891 ,0.689 ,0.699 ,21.34 ,400 ,3 ,640 ,0.0062 ,1.53 ,20.0 ,35 ,5.00 ,15.873 ,20 ,1440 ,6.23 ,1.18 ,0.61 ,2.16 ,2.10 ,10.82321906
0.340 ,40.120 ,2.980 ,20.730 ,0.891 ,0.689 ,0.699 ,21.34 ,400 ,3 ,640 ,0.0062 ,1.53 ,20.0 ,35 ,5.00 ,15.873 ,20 ,1440 ,6.23 ,1.18 ,0.61 ,2.16 ,2.10 ,10.97860606
0.340 ,40.120 ,2.980 ,20.730 ,0.891 ,0.689 ,0.699 ,21.34 ,400 ,3 ,640 ,0.0062 ,1.53 ,20.0 ,45 ,5.00 ,15.873 ,20 ,1440 ,6.23 ,1.18 ,0.61 ,2.16 ,2.10 ,8.7673159
0.340 ,40.120 ,2.980 ,20.730 ,0.891 ,0.689 ,0.699 ,21.34 ,400 ,3 ,640 ,0.0062 ,1.53 ,20.0 ,45 ,5.00 ,15.873 ,20 ,1440 ,6.23 ,1.18 ,0.61 ,2.16 ,2.10 ,8.504179472
0.340 ,40.120 ,2.980 ,20.730 ,0.891 ,0.689 ,0.699 ,21.34 ,400 ,3 ,640 ,0.0062 ,1.53 ,20.0 ,45 ,5.00 ,15.873 ,20 ,1440 ,6.23 ,1.18 ,0.61 ,2.16 ,2.10 ,8.822448697
1.634,74.514,4.298,11.372,0.692 ,0.203 ,0.229 ,0.00 ,400 ,0 ,5681 ,0.0013 ,2.75 ,20.0 ,25 ,3.78 ,4.650 ,20 ,1440 ,8.16 ,0.91 ,5.83 ,0.00 ,0.00 ,2.448 
1.634,74.514,4.298,11.372,0.692 ,0.203 ,0.229 ,0.00 ,400 ,0 ,5681 ,0.0013 ,2.75 ,20.0 ,25 ,3.78 ,4.616 ,20 ,1440 ,8.16 ,0.91 ,5.83 ,0.00 ,0.00 ,2.039 
1.634,74.514,4.298,11.372,0.692 ,0.203 ,0.229 ,0.00 ,400 ,0 ,5681 ,0.0013 ,2.75 ,20.0 ,25 ,3.78 ,4.559 ,20 ,1440 ,8.16 ,0.91 ,5.83 ,0.00 ,0.00 ,2.079 
1.634,74.514,4.298,11.372,0.692 ,0.203 ,0.229 ,0.00 ,400 ,0 ,5681 ,0.0013 ,2.75 ,20.0 ,25 ,3.56 ,9.046 ,20 ,1440 ,8.16 ,0.91 ,5.83 ,0.00 ,0.00 ,3.120 
1.634,74.514,4.298,11.372,0.692 ,0.203 ,0.229 ,0.00 ,400 ,0 ,5681 ,0.0013 ,2.75 ,20.0 ,25 ,3.56 ,8.919 ,20 ,1440 ,8.16 ,0.91 ,5.83 ,0.00 ,0.00 ,2.472 
1.634,74.514,4.298,11.372,0.692 ,0.203 ,0.229 ,0.00 ,400 ,0 ,5681 ,0.0013 ,2.75 ,20.0 ,25 ,3.56 ,8.800 ,20 ,1440 ,8.16 ,0.91 ,5.83 ,0.00 ,0.00 ,2.870 
1.634,74.514,4.298,11.372,0.692 ,0.203 ,0.229 ,0.00 ,400 ,0 ,5681 ,0.0013 ,2.75 ,20.0 ,25 ,3.43 ,13.551 ,20 ,1440 ,8.16 ,0.91 ,5.83 ,0.00 ,0.00 ,3.852 
1.634,74.514,4.298,11.372,0.692 ,0.203 ,0.229 ,0.00 ,400 ,0 ,5681 ,0.0013 ,2.75 ,20.0 ,25 ,3.43 ,13.253 ,20 ,1440 ,8.16 ,0.91 ,5.83 ,0.00 ,0.00 ,3.651 
1.634,74.514,4.298,11.372,0.692 ,0.203 ,0.229 ,0.00 ,400 ,0 ,5681 ,0.0013 ,2.75 ,20.0 ,25 ,3.43 ,13.467 ,20 ,1440 ,8.16 ,0.91 ,5.83 ,0.00 ,0.00 ,3.902 
1.634,74.514,4.298,11.372,0.692 ,0.203 ,0.229 ,0.00 ,400 ,0 ,5681 ,0.0013 ,2.75 ,20.0 ,25 ,3.37 ,17.419 ,20 ,1440 ,8.16 ,0.91 ,5.83 ,0.00 ,0.00 ,2.934 
1.634,74.514,4.298,11.372,0.692 ,0.203 ,0.229 ,0.00 ,400 ,0 ,5681 ,0.0013 ,2.75 ,20.0 ,25 ,3.37 ,17.233 ,20 ,1440 ,8.16 ,0.91 ,5.83 ,0.00 ,0.00 ,2.943 
1.634,74.514,4.298,11.372,0.692 ,0.203 ,0.229 ,0.00 ,400 ,0 ,5681 ,0.0013 ,2.75 ,20.0 ,25 ,3.37 ,16.890 ,20 ,1440 ,8.16 ,0.91 ,5.83 ,0.00 ,0.00 ,2.681 
1.634,74.514,4.298,11.372,0.692 ,0.203 ,0.229 ,0.00 ,400 ,0 ,5681 ,0.0013 ,2.75 ,20.0 ,25 ,3.03 ,44.500 ,20 ,1440 ,8.16 ,0.91 ,5.83 ,0.00 ,0.00 ,5.975 
1.634,74.514,4.298,11.372,0.692 ,0.203 ,0.229 ,0.00 ,400 ,0 ,5681 ,0.0013 ,2.75 ,20.0 ,25 ,3.03 ,43.690 ,20 ,1440 ,8.16 ,0.91 ,5.83 ,0.00 ,0.00 ,4.349 
1.634,74.514,4.298,11.372,0.692 ,0.203 ,0.229 ,0.00 ,400 ,0 ,5681 ,0.0013 ,2.75 ,20.0 ,25 ,3.00 ,60.550 ,20 ,1440 ,8.16 ,0.91 ,5.83 ,0.00 ,0.00 ,4.600 
1.634,74.514,4.298,11.372,0.692 ,0.203 ,0.229 ,0.00 ,400 ,0 ,5681 ,0.0013 ,2.75 ,20.0 ,25 ,3.00 ,60.501 ,20 ,1440 ,8.16 ,0.91 ,5.83 ,0.00 ,0.00 ,4.400 
1.634,74.514,4.298,11.372,0.692 ,0.203 ,0.229 ,0.00 ,400 ,0 ,5681 ,0.0013 ,2.75 ,20.0 ,25 ,2.86 ,91.542 ,20 ,1440 ,8.16 ,0.91 ,5.83 ,0.00 ,0.00 ,4.892 
1.634,74.514,4.298,11.372,0.692 ,0.203 ,0.229 ,0.00 ,400 ,0 ,5681 ,0.0013 ,2.75 ,20.0 ,25 ,2.86 ,90.870 ,20 ,1440 ,8.16 ,0.91 ,5.83 ,0.00 ,0.00 ,5.320 
1.634,74.514,4.298,11.372,0.692 ,0.203 ,0.229 ,0.00 ,400 ,0 ,5681 ,0.0013 ,2.75 ,20.0 ,25 ,2.79 ,128.490 ,20 ,1440 ,8.16 ,0.91 ,5.83 ,0.00 ,0.00 ,8.829 
1.634,74.514,4.298,11.372,0.692 ,0.203 ,0.229 ,0.00 ,400 ,0 ,5681 ,0.0013 ,2.75 ,20.0 ,25 ,2.79 ,131.760 ,20 ,1440 ,8.16 ,0.91 ,5.83 ,0.00 ,0.00 ,9.186 
1.634,74.514,4.298,11.372,0.692 ,0.203 ,0.229 ,0.00 ,400 ,0 ,5681 ,0.0013 ,2.75 ,20.0 ,25 ,2.79 ,132.945 ,20 ,1440 ,8.16 ,0.91 ,5.83 ,0.00 ,0.00 ,10.958 
0.370 ,46.480 ,3.410 ,26.560 ,0.880 ,0.762 ,0.771 ,8.75 ,400 ,0 ,934 ,0.1013 ,35.53 ,20.0 ,25 ,3.78 ,4.650 ,20 ,1440 ,5.63 ,0.81 ,2.85 ,1.01 ,0.74 ,3.510 
0.370 ,46.480 ,3.410 ,26.560 ,0.880 ,0.762 ,0.771 ,8.75 ,400 ,0 ,934 ,0.1013 ,35.53 ,20.0 ,25 ,3.78 ,4.616 ,20 ,1440 ,5.63 ,0.81 ,2.85 ,1.01 ,0.74 ,3.554 
0.370 ,46.480 ,3.410 ,26.560 ,0.880 ,0.762 ,0.771 ,8.75 ,400 ,0 ,934 ,0.1013 ,35.53 ,20.0 ,25 ,3.78 ,4.559 ,20 ,1440 ,5.63 ,0.81 ,2.85 ,1.01 ,0.74 ,3.501 
0.370 ,46.480 ,3.410 ,26.560 ,0.880 ,0.762 ,0.771 ,8.75 ,400 ,0 ,934 ,0.1013 ,35.53 ,20.0 ,25 ,3.56 ,9.046 ,20 ,1440 ,5.63 ,0.81 ,2.85 ,1.01 ,0.74 ,6.737 
0.370 ,46.480 ,3.410 ,26.560 ,0.880 ,0.762 ,0.771 ,8.75 ,400 ,0 ,934 ,0.1013 ,35.53 ,20.0 ,25 ,3.56 ,8.919 ,20 ,1440 ,5.63 ,0.81 ,2.85 ,1.01 ,0.74 ,6.728 
0.370 ,46.480 ,3.410 ,26.560 ,0.880 ,0.762 ,0.771 ,8.75 ,400 ,0 ,934 ,0.1013 ,35.53 ,20.0 ,25 ,3.56 ,8.800 ,20 ,1440 ,5.63 ,0.81 ,2.85 ,1.01 ,0.74 ,6.511 
0.370 ,46.480 ,3.410 ,26.560 ,0.880 ,0.762 ,0.771 ,8.75 ,400 ,0 ,934 ,0.1013 ,35.53 ,20.0 ,25 ,3.43 ,13.551 ,20 ,1440 ,5.63 ,0.81 ,2.85 ,1.01 ,0.74 ,9.727 
0.370 ,46.480 ,3.410 ,26.560 ,0.880 ,0.762 ,0.771 ,8.75 ,400 ,0 ,934 ,0.1013 ,35.53 ,20.0 ,25 ,3.43 ,13.253 ,20 ,1440 ,5.63 ,0.81 ,2.85 ,1.01 ,0.74 ,9.277 
0.370 ,46.480 ,3.410 ,26.560 ,0.880 ,0.762 ,0.771 ,8.75 ,400 ,0 ,934 ,0.1013 ,35.53 ,20.0 ,25 ,3.43 ,13.467 ,20 ,1440 ,5.63 ,0.81 ,2.85 ,1.01 ,0.74 ,9.601 
0.370 ,46.480 ,3.410 ,26.560 ,0.880 ,0.762 ,0.771 ,8.75 ,400 ,0 ,934 ,0.1013 ,35.53 ,20.0 ,25 ,3.37 ,17.419 ,20 ,1440 ,5.63 ,0.81 ,2.85 ,1.01 ,0.74 ,11.536 
0.370 ,46.480 ,3.410 ,26.560 ,0.880 ,0.762 ,0.771 ,8.75 ,400 ,0 ,934 ,0.1013 ,35.53 ,20.0 ,25 ,3.37 ,17.233 ,20 ,1440 ,5.63 ,0.81 ,2.85 ,1.01 ,0.74 ,11.615 
0.370 ,46.480 ,3.410 ,26.560 ,0.880 ,0.762 ,0.771 ,8.75 ,400 ,0 ,934 ,0.1013 ,35.53 ,20.0 ,25 ,3.37 ,16.890 ,20 ,1440 ,5.63 ,0.81 ,2.85 ,1.01 ,0.74 ,11.134 
0.370 ,46.480 ,3.410 ,26.560 ,0.880 ,0.762 ,0.771 ,8.75 ,400 ,0 ,934 ,0.1013 ,35.53 ,20.0 ,25 ,3.27 ,25.094 ,20 ,1440 ,5.63 ,0.81 ,2.85 ,1.01 ,0.74 ,14.077 
0.370 ,46.480 ,3.410 ,26.560 ,0.880 ,0.762 ,0.771 ,8.75 ,400 ,0 ,934 ,0.1013 ,35.53 ,20.0 ,25 ,3.27 ,26.536 ,20 ,1440 ,5.63 ,0.81 ,2.85 ,1.01 ,0.74 ,16.276 
0.370 ,46.480 ,3.410 ,26.560 ,0.880 ,0.762 ,0.771 ,8.75 ,400 ,0 ,934 ,0.1013 ,35.53 ,20.0 ,25 ,3.27 ,25.950 ,20 ,1440 ,5.63 ,0.81 ,2.85 ,1.01 ,0.74 ,14.651 
0.370 ,46.480 ,3.410 ,26.560 ,0.880 ,0.762 ,0.771 ,8.75 ,400 ,0 ,934 ,0.1013 ,35.53 ,20.0 ,25 ,3.03 ,44.500 ,20 ,1440 ,5.63 ,0.81 ,2.85 ,1.01 ,0.74 ,17.914 
0.370 ,46.480 ,3.410 ,26.560 ,0.880 ,0.762 ,0.771 ,8.75 ,400 ,0 ,934 ,0.1013 ,35.53 ,20.0 ,25 ,3.03 ,43.690 ,20 ,1440 ,5.63 ,0.81 ,2.85 ,1.01 ,0.74 ,19.254 
0.370 ,46.480 ,3.410 ,26.560 ,0.880 ,0.762 ,0.771 ,8.75 ,400 ,0 ,934 ,0.1013 ,35.53 ,20.0 ,25 ,3.03 ,44.420 ,20 ,1440 ,5.63 ,0.81 ,2.85 ,1.01 ,0.74 ,19.641 
0.370 ,46.480 ,3.410 ,26.560 ,0.880 ,0.762 ,0.771 ,8.75 ,400 ,0 ,934 ,0.1013 ,35.53 ,20.0 ,25 ,3.00 ,60.550 ,20 ,1440 ,5.63 ,0.81 ,2.85 ,1.01 ,0.74 ,22.972 
0.370 ,46.480 ,3.410 ,26.560 ,0.880 ,0.762 ,0.771 ,8.75 ,400 ,0 ,934 ,0.1013 ,35.53 ,20.0 ,25 ,3.00 ,60.501 ,20 ,1440 ,5.63 ,0.81 ,2.85 ,1.01 ,0.74 ,21.094 
0.370 ,46.480 ,3.410 ,26.560 ,0.880 ,0.762 ,0.771 ,8.75 ,400 ,0 ,934 ,0.1013 ,35.53 ,20.0 ,25 ,2.86 ,91.542 ,20 ,1440 ,5.63 ,0.81 ,2.85 ,1.01 ,0.74 ,22.689 
0.370 ,46.480 ,3.410 ,26.560 ,0.880 ,0.762 ,0.771 ,8.75 ,400 ,0 ,934 ,0.1013 ,35.53 ,20.0 ,25 ,2.86 ,90.870 ,20 ,1440 ,5.63 ,0.81 ,2.85 ,1.01 ,0.74 ,20.972 
0.370 ,46.480 ,3.410 ,26.560 ,0.880 ,0.762 ,0.771 ,8.75 ,400 ,0 ,934 ,0.1013 ,35.53 ,20.0 ,25 ,2.86 ,87.529 ,20 ,1440 ,5.63 ,0.81 ,2.85 ,1.01 ,0.74 ,20.787 
0.370 ,46.480 ,3.410 ,26.560 ,0.880 ,0.762 ,0.771 ,8.75 ,400 ,0 ,934 ,0.1013 ,35.53 ,20.0 ,25 ,2.79 ,128.490 ,20 ,1440 ,5.63 ,0.81 ,2.85 ,1.01 ,0.74 ,20.466 
0.370 ,46.480 ,3.410 ,26.560 ,0.880 ,0.762 ,0.771 ,8.75 ,400 ,0 ,934 ,0.1013 ,35.53 ,20.0 ,25 ,2.79 ,131.760 ,20 ,1440 ,5.63 ,0.81 ,2.85 ,1.01 ,0.74 ,21.906 
0.370 ,46.480 ,3.410 ,26.560 ,0.880 ,0.762 ,0.771 ,8.75 ,400 ,0 ,934 ,0.1013 ,35.53 ,20.0 ,25 ,2.79 ,132.945 ,20 ,1440 ,5.63 ,0.81 ,2.85 ,1.01 ,0.74 ,22.570 
0.340 ,40.120 ,2.980 ,20.730 ,0.891 ,0.689 ,0.699 ,21.34 ,400 ,3 ,640 ,0.0062 ,1.53 ,20.0 ,25 ,3.78 ,4.650 ,20 ,1440 ,6.23 ,1.18 ,0.61 ,2.16 ,2.10 ,3.679 
0.340 ,40.120 ,2.980 ,20.730 ,0.891 ,0.689 ,0.699 ,21.34 ,400 ,3 ,640 ,0.0062 ,1.53 ,20.0 ,25 ,3.78 ,4.616 ,20 ,1440 ,6.23 ,1.18 ,0.61 ,2.16 ,2.10 ,3.670 
0.340 ,40.120 ,2.980 ,20.730 ,0.891 ,0.689 ,0.699 ,21.34 ,400 ,3 ,640 ,0.0062 ,1.53 ,20.0 ,25 ,3.78 ,4.559 ,20 ,1440 ,6.23 ,1.18 ,0.61 ,2.16 ,2.10 ,3.652 
0.340 ,40.120 ,2.980 ,20.730 ,0.891 ,0.689 ,0.699 ,21.34 ,400 ,3 ,640 ,0.0062 ,1.53 ,20.0 ,25 ,3.56 ,9.046 ,20 ,1440 ,6.23 ,1.18 ,0.61 ,2.16 ,2.10 ,7.225 
0.340 ,40.120 ,2.980 ,20.730 ,0.891 ,0.689 ,0.699 ,21.34 ,400 ,3 ,640 ,0.0062 ,1.53 ,20.0 ,25 ,3.56 ,8.919 ,20 ,1440 ,6.23 ,1.18 ,0.61 ,2.16 ,2.10 ,7.082 
0.340 ,40.120 ,2.980 ,20.730 ,0.891 ,0.689 ,0.699 ,21.34 ,400 ,3 ,640 ,0.0062 ,1.53 ,20.0 ,25 ,3.56 ,8.800 ,20 ,1440 ,6.23 ,1.18 ,0.61 ,2.16 ,2.10 ,6.993 
0.340 ,40.120 ,2.980 ,20.730 ,0.891 ,0.689 ,0.699 ,21.34 ,400 ,3 ,640 ,0.0062 ,1.53 ,20.0 ,25 ,3.43 ,13.551 ,20 ,1440 ,6.23 ,1.18 ,0.61 ,2.16 ,2.10 ,10.635 
0.340 ,40.120 ,2.980 ,20.730 ,0.891 ,0.689 ,0.699 ,21.34 ,400 ,3 ,640 ,0.0062 ,1.53 ,20.0 ,25 ,3.43 ,13.253 ,20 ,1440 ,6.23 ,1.18 ,0.61 ,2.16 ,2.10 ,10.264 
0.340 ,40.120 ,2.980 ,20.730 ,0.891 ,0.689 ,0.699 ,21.34 ,400 ,3 ,640 ,0.0062 ,1.53 ,20.0 ,25 ,3.43 ,13.467 ,20 ,1440 ,6.23 ,1.18 ,0.61 ,2.16 ,2.10 ,10.656 
0.340 ,40.120 ,2.980 ,20.730 ,0.891 ,0.689 ,0.699 ,21.34 ,400 ,3 ,640 ,0.0062 ,1.53 ,20.0 ,25 ,3.37 ,17.419 ,20 ,1440 ,6.23 ,1.18 ,0.61 ,2.16 ,2.10 ,12.990 
0.340 ,40.120 ,2.980 ,20.730 ,0.891 ,0.689 ,0.699 ,21.34 ,400 ,3 ,640 ,0.0062 ,1.53 ,20.0 ,25 ,3.37 ,17.233 ,20 ,1440 ,6.23 ,1.18 ,0.61 ,2.16 ,2.10 ,12.559 
0.340 ,40.120 ,2.980 ,20.730 ,0.891 ,0.689 ,0.699 ,21.34 ,400 ,3 ,640 ,0.0062 ,1.53 ,20.0 ,25 ,3.37 ,16.890 ,20 ,1440 ,6.23 ,1.18 ,0.61 ,2.16 ,2.10 ,12.387 
0.340 ,40.120 ,2.980 ,20.730 ,0.891 ,0.689 ,0.699 ,21.34 ,400 ,3 ,640 ,0.0062 ,1.53 ,20.0 ,25 ,3.27 ,25.094 ,20 ,1440 ,6.23 ,1.18 ,0.61 ,2.16 ,2.10 ,15.513 
0.340 ,40.120 ,2.980 ,20.730 ,0.891 ,0.689 ,0.699 ,21.34 ,400 ,3 ,640 ,0.0062 ,1.53 ,20.0 ,25 ,3.27 ,26.536 ,20 ,1440 ,6.23 ,1.18 ,0.61 ,2.16 ,2.10 ,16.960 
0.340 ,40.120 ,2.980 ,20.730 ,0.891 ,0.689 ,0.699 ,21.34 ,400 ,3 ,640 ,0.0062 ,1.53 ,20.0 ,25 ,3.27 ,25.950 ,20 ,1440 ,6.23 ,1.18 ,0.61 ,2.16 ,2.10 ,16.866 
0.340 ,40.120 ,2.980 ,20.730 ,0.891 ,0.689 ,0.699 ,21.34 ,400 ,3 ,640 ,0.0062 ,1.53 ,20.0 ,25 ,3.03 ,44.500 ,20 ,1440 ,6.23 ,1.18 ,0.61 ,2.16 ,2.10 ,21.973 
0.340 ,40.120 ,2.980 ,20.730 ,0.891 ,0.689 ,0.699 ,21.34 ,400 ,3 ,640 ,0.0062 ,1.53 ,20.0 ,25 ,3.03 ,43.690 ,20 ,1440 ,6.23 ,1.18 ,0.61 ,2.16 ,2.10 ,20.792 
0.340 ,40.120 ,2.980 ,20.730 ,0.891 ,0.689 ,0.699 ,21.34 ,400 ,3 ,640 ,0.0062 ,1.53 ,20.0 ,25 ,3.03 ,44.420 ,20 ,1440 ,6.23 ,1.18 ,0.61 ,2.16 ,2.10 ,22.418 
0.340 ,40.120 ,2.980 ,20.730 ,0.891 ,0.689 ,0.699 ,21.34 ,400 ,3 ,640 ,0.0062 ,1.53 ,20.0 ,25 ,3.00 ,60.550 ,20 ,1440 ,6.23 ,1.18 ,0.61 ,2.16 ,2.10 ,26.494 
0.340 ,40.120 ,2.980 ,20.730 ,0.891 ,0.689 ,0.699 ,21.34 ,400 ,3 ,640 ,0.0062 ,1.53 ,20.0 ,25 ,3.00 ,60.501 ,20 ,1440 ,6.23 ,1.18 ,0.61 ,2.16 ,2.10 ,27.295 
0.340 ,40.120 ,2.980 ,20.730 ,0.891 ,0.689 ,0.699 ,21.34 ,400 ,3 ,640 ,0.0062 ,1.53 ,20.0 ,25 ,2.86 ,91.542 ,20 ,1440 ,6.23 ,1.18 ,0.61 ,2.16 ,2.10 ,30.480 
0.340 ,40.120 ,2.980 ,20.730 ,0.891 ,0.689 ,0.699 ,21.34 ,400 ,3 ,640 ,0.0062 ,1.53 ,20.0 ,25 ,2.86 ,90.870 ,20 ,1440 ,6.23 ,1.18 ,0.61 ,2.16 ,2.10 ,34.142 
0.340 ,40.120 ,2.980 ,20.730 ,0.891 ,0.689 ,0.699 ,21.34 ,400 ,3 ,640 ,0.0062 ,1.53 ,20.0 ,25 ,2.86 ,87.529 ,20 ,1440 ,6.23 ,1.18 ,0.61 ,2.16 ,2.10 ,35.183 
0.340 ,40.120 ,2.980 ,20.730 ,0.891 ,0.689 ,0.699 ,21.34 ,400 ,3 ,640 ,0.0062 ,1.53 ,20.0 ,25 ,2.79 ,128.490 ,20 ,1440 ,6.23 ,1.18 ,0.61 ,2.16 ,2.10 ,39.990 
0.340 ,40.120 ,2.980 ,20.730 ,0.891 ,0.689 ,0.699 ,21.34 ,400 ,3 ,640 ,0.0062 ,1.53 ,20.0 ,25 ,2.79 ,131.760 ,20 ,1440 ,6.23 ,1.18 ,0.61 ,2.16 ,2.10 ,39.351 
0.340 ,40.120 ,2.980 ,20.730 ,0.891 ,0.689 ,0.699 ,21.34 ,400 ,3 ,640 ,0.0062 ,1.53 ,20.0 ,25 ,2.79 ,132.945 ,20 ,1440 ,6.23 ,1.18 ,0.61 ,2.16 ,2.10 ,40.080 
1.634,74.514,4.298,11.372 ,0.692 ,0.203 ,0.229 ,0.00 ,400 ,0 ,5681 ,0.0013 ,2.75 ,20.0 ,25 ,1.00 ,18.750 ,20 ,1440 ,8.16 ,0.91 ,5.83 ,0.00 ,0.00 ,2.609 
1.634,74.514,4.298,11.372 ,0.692 ,0.203 ,0.229 ,0.00 ,400 ,0 ,5681 ,0.0013 ,2.75 ,20.0 ,25 ,1.00 ,18.750 ,20 ,1440 ,8.16 ,0.91 ,5.83 ,0.00 ,0.00 ,2.163 
1.634,74.514,4.298,11.372 ,0.692 ,0.203 ,0.229 ,0.00 ,400 ,0 ,5681 ,0.0013 ,2.75 ,20.0 ,25 ,1.00 ,18.750 ,20 ,1440 ,8.16 ,0.91 ,5.83 ,0.00 ,0.00 ,2.676 
1.634,74.514,4.298,11.372 ,0.692 ,0.203 ,0.229 ,0.00 ,400 ,0 ,5681 ,0.0013 ,2.75 ,20.0 ,25 ,3.00 ,19.190 ,20 ,1440 ,8.16 ,0.91 ,5.83 ,0.00 ,0.00 ,2.777 
1.634,74.514,4.298,11.372 ,0.692 ,0.203 ,0.229 ,0.00 ,400 ,0 ,5681 ,0.0013 ,2.75 ,20.0 ,25 ,3.00 ,19.190 ,20 ,1440 ,8.16 ,0.91 ,5.83 ,0.00 ,0.00 ,2.144 
1.634,74.514,4.298,11.372 ,0.692 ,0.203 ,0.229 ,0.00 ,400 ,0 ,5681 ,0.0013 ,2.75 ,20.0 ,25 ,3.00 ,19.190 ,20 ,1440 ,8.16 ,0.91 ,5.83 ,0.00 ,0.00 ,2.806 
1.634,74.514,4.298,11.372 ,0.692 ,0.203 ,0.229 ,0.00 ,400 ,0 ,5681 ,0.0013 ,2.75 ,20.0 ,25 ,5.00 ,19.230 ,20 ,1440 ,8.16 ,0.91 ,5.83 ,0.00 ,0.00 ,3.679 
1.634,74.514,4.298,11.372 ,0.692 ,0.203 ,0.229 ,0.00 ,400 ,0 ,5681 ,0.0013 ,2.75 ,20.0 ,25 ,5.00 ,19.230 ,20 ,1440 ,8.16 ,0.91 ,5.83 ,0.00 ,0.00 ,4.267 
1.634,74.514,4.298,11.372 ,0.692 ,0.203 ,0.229 ,0.00 ,400 ,0 ,5681 ,0.0013 ,2.75 ,20.0 ,25 ,5.00 ,19.230 ,20 ,1440 ,8.16 ,0.91 ,5.83 ,0.00 ,0.00 ,3.878 
1.634,74.514,4.298,11.372 ,0.692 ,0.203 ,0.229 ,0.00 ,400 ,0 ,5681 ,0.0013 ,2.75 ,20.0 ,25 ,7.00 ,18.760 ,20 ,1440 ,8.16 ,0.91 ,5.83 ,0.00 ,0.00 ,3.099 
1.634,74.514,4.298,11.372 ,0.692 ,0.203 ,0.229 ,0.00 ,400 ,0 ,5681 ,0.0013 ,2.75 ,20.0 ,25 ,7.00 ,18.760 ,20 ,1440 ,8.16 ,0.91 ,5.83 ,0.00 ,0.00 ,3.006 
1.634,74.514,4.298,11.372 ,0.692 ,0.203 ,0.229 ,0.00 ,400 ,0 ,5681 ,0.0013 ,2.75 ,20.0 ,25 ,7.00 ,18.760 ,20 ,1440 ,8.16 ,0.91 ,5.83 ,0.00 ,0.00 ,2.892 
1.634,74.514,4.298,11.372 ,0.692 ,0.203 ,0.229 ,0.00 ,400 ,0 ,5681 ,0.0013 ,2.75 ,20.0 ,25 ,9.00 ,18.720 ,20 ,1440 ,8.16 ,0.91 ,5.83 ,0.00 ,0.00 ,2.190 
1.634,74.514,4.298,11.372 ,0.692 ,0.203 ,0.229 ,0.00 ,400 ,0 ,5681 ,0.0013 ,2.75 ,20.0 ,25 ,9.00 ,18.720 ,20 ,1440 ,8.16 ,0.91 ,5.83 ,0.00 ,0.00 ,2.658 
1.634,74.514,4.298,11.372 ,0.692 ,0.203 ,0.229 ,0.00 ,400 ,0 ,5681 ,0.0013 ,2.75 ,20.0 ,25 ,9.00 ,18.720 ,20 ,1440 ,8.16 ,0.91 ,5.83 ,0.00 ,0.00 ,1.658 
1.634,74.514,4.298,11.372 ,0.692 ,0.203 ,0.229 ,0.00 ,400 ,0 ,5681 ,0.0013 ,2.75 ,20.0 ,25 ,11.00 ,19.050 ,20 ,1440 ,8.16 ,0.91 ,5.83 ,0.00 ,0.00 ,0.988 
1.634,74.514,4.298,11.372 ,0.692 ,0.203 ,0.229 ,0.00 ,400 ,0 ,5681 ,0.0013 ,2.75 ,20.0 ,25 ,11.00 ,19.050 ,20 ,1440 ,8.16 ,0.91 ,5.83 ,0.00 ,0.00 ,0.855 
1.634,74.514,4.298,11.372 ,0.692 ,0.203 ,0.229 ,0.00 ,400 ,0 ,5681 ,0.0013 ,2.75 ,20.0 ,25 ,11.00 ,19.050 ,20 ,1440 ,8.16 ,0.91 ,5.83 ,0.00 ,0.00 ,0.932 
0.370 ,46.480 ,3.410 ,26.560 ,0.880 ,0.762 ,0.771 ,8.75 ,400 ,0 ,934 ,0.1013 ,35.53 ,20.0 ,25 ,1.00 ,18.247 ,20 ,1440 ,5.63 ,0.81 ,2.85 ,1.01 ,0.74 ,7.820 
0.370 ,46.480 ,3.410 ,26.560 ,0.880 ,0.762 ,0.771 ,8.75 ,400 ,0 ,934 ,0.1013 ,35.53 ,20.0 ,25 ,1.00 ,18.247 ,20 ,1440 ,5.63 ,0.81 ,2.85 ,1.01 ,0.74 ,6.910 
0.370 ,46.480 ,3.410 ,26.560 ,0.880 ,0.762 ,0.771 ,8.75 ,400 ,0 ,934 ,0.1013 ,35.53 ,20.0 ,25 ,1.00 ,18.247 ,20 ,1440 ,5.63 ,0.81 ,2.85 ,1.01 ,0.74 ,7.488 
0.370 ,46.480 ,3.410 ,26.560 ,0.880 ,0.762 ,0.771 ,8.75 ,400 ,0 ,934 ,0.1013 ,35.53 ,20.0 ,25 ,3.00 ,18.681 ,20 ,1440 ,5.63 ,0.81 ,2.85 ,1.01 ,0.74 ,13.347 
0.370 ,46.480 ,3.410 ,26.560 ,0.880 ,0.762 ,0.771 ,8.75 ,400 ,0 ,934 ,0.1013 ,35.53 ,20.0 ,25 ,3.00 ,18.681 ,20 ,1440 ,5.63 ,0.81 ,2.85 ,1.01 ,0.74 ,12.236 
0.370 ,46.480 ,3.410 ,26.560 ,0.880 ,0.762 ,0.771 ,8.75 ,400 ,0 ,934 ,0.1013 ,35.53 ,20.0 ,25 ,3.00 ,18.681 ,20 ,1440 ,5.63 ,0.81 ,2.85 ,1.01 ,0.74 ,11.760 
0.370 ,46.480 ,3.410 ,26.560 ,0.880 ,0.762 ,0.771 ,8.75 ,400 ,0 ,934 ,0.1013 ,35.53 ,20.0 ,25 ,5.00 ,18.582 ,20 ,1440 ,5.63 ,0.81 ,2.85 ,1.01 ,0.74 ,11.917 
0.370 ,46.480 ,3.410 ,26.560 ,0.880 ,0.762 ,0.771 ,8.75 ,400 ,0 ,934 ,0.1013 ,35.53 ,20.0 ,25 ,5.00 ,18.582 ,20 ,1440 ,5.63 ,0.81 ,2.85 ,1.01 ,0.74 ,11.558 
0.370 ,46.480 ,3.410 ,26.560 ,0.880 ,0.762 ,0.771 ,8.75 ,400 ,0 ,934 ,0.1013 ,35.53 ,20.0 ,25 ,5.00 ,18.582 ,20 ,1440 ,5.63 ,0.81 ,2.85 ,1.01 ,0.74 ,12.885 
0.370 ,46.480 ,3.410 ,26.560 ,0.880 ,0.762 ,0.771 ,8.75 ,400 ,0 ,934 ,0.1013 ,35.53 ,20.0 ,25 ,7.00 ,18.482 ,20 ,1440 ,5.63 ,0.81 ,2.85 ,1.01 ,0.74 ,10.583 
0.370 ,46.480 ,3.410 ,26.560 ,0.880 ,0.762 ,0.771 ,8.75 ,400 ,0 ,934 ,0.1013 ,35.53 ,20.0 ,25 ,7.00 ,18.482 ,20 ,1440 ,5.63 ,0.81 ,2.85 ,1.01 ,0.74 ,10.010 
0.370 ,46.480 ,3.410 ,26.560 ,0.880 ,0.762 ,0.771 ,8.75 ,400 ,0 ,934 ,0.1013 ,35.53 ,20.0 ,25 ,7.00 ,18.482 ,20 ,1440 ,5.63 ,0.81 ,2.85 ,1.01 ,0.74 ,10.038 
0.370 ,46.480 ,3.410 ,26.560 ,0.880 ,0.762 ,0.771 ,8.75 ,400 ,0 ,934 ,0.1013 ,35.53 ,20.0 ,25 ,9.00 ,18.725 ,20 ,1440 ,5.63 ,0.81 ,2.85 ,1.01 ,0.74 ,8.943 
0.370 ,46.480 ,3.410 ,26.560 ,0.880 ,0.762 ,0.771 ,8.75 ,400 ,0 ,934 ,0.1013 ,35.53 ,20.0 ,25 ,9.00 ,18.725 ,20 ,1440 ,5.63 ,0.81 ,2.85 ,1.01 ,0.74 ,8.752 
0.370 ,46.480 ,3.410 ,26.560 ,0.880 ,0.762 ,0.771 ,8.75 ,400 ,0 ,934 ,0.1013 ,35.53 ,20.0 ,25 ,9.00 ,18.725 ,20 ,1440 ,5.63 ,0.81 ,2.85 ,1.01 ,0.74 ,7.910 
0.370 ,46.480 ,3.410 ,26.560 ,0.880 ,0.762 ,0.771 ,8.75 ,400 ,0 ,934 ,0.1013 ,35.53 ,20.0 ,25 ,11.00 ,19.160 ,20 ,1440 ,5.63 ,0.81 ,2.85 ,1.01 ,0.74 ,1.305 
0.370 ,46.480 ,3.410 ,26.560 ,0.880 ,0.762 ,0.771 ,8.75 ,400 ,0 ,934 ,0.1013 ,35.53 ,20.0 ,25 ,11.00 ,19.160 ,20 ,1440 ,5.63 ,0.81 ,2.85 ,1.01 ,0.74 ,1.652 
0.370 ,46.480 ,3.410 ,26.560 ,0.880 ,0.762 ,0.771 ,8.75 ,400 ,0 ,934 ,0.1013 ,35.53 ,20.0 ,25 ,11.00 ,19.160 ,20 ,1440 ,5.63 ,0.81 ,2.85 ,1.01 ,0.74 ,1.810 
0.340 ,40.120 ,2.980 ,20.730 ,0.891 ,0.689 ,0.699 ,21.34 ,400 ,3 ,640 ,0.0062 ,1.53 ,20.0 ,25 ,1.00 ,18.247 ,20 ,1440 ,6.23 ,1.18 ,0.61 ,2.16 ,2.10 ,7.249 
0.340 ,40.120 ,2.980 ,20.730 ,0.891 ,0.689 ,0.699 ,21.34 ,400 ,3 ,640 ,0.0062 ,1.53 ,20.0 ,25 ,1.00 ,18.247 ,20 ,1440 ,6.23 ,1.18 ,0.61 ,2.16 ,2.10 ,8.951 
0.340 ,40.120 ,2.980 ,20.730 ,0.891 ,0.689 ,0.699 ,21.34 ,400 ,3 ,640 ,0.0062 ,1.53 ,20.0 ,25 ,1.00 ,18.247 ,20 ,1440 ,6.23 ,1.18 ,0.61 ,2.16 ,2.10 ,8.120 
0.340 ,40.120 ,2.980 ,20.730 ,0.891 ,0.689 ,0.699 ,21.34 ,400 ,3 ,640 ,0.0062 ,1.53 ,20.0 ,25 ,3.00 ,18.681 ,20 ,1440 ,6.23 ,1.18 ,0.61 ,2.16 ,2.10 ,13.171 
0.340 ,40.120 ,2.980 ,20.730 ,0.891 ,0.689 ,0.699 ,21.34 ,400 ,3 ,640 ,0.0062 ,1.53 ,20.0 ,25 ,3.00 ,18.681 ,20 ,1440 ,6.23 ,1.18 ,0.61 ,2.16 ,2.10 ,15.080 
0.340 ,40.120 ,2.980 ,20.730 ,0.891 ,0.689 ,0.699 ,21.34 ,400 ,3 ,640 ,0.0062 ,1.53 ,20.0 ,25 ,3.00 ,18.681 ,20 ,1440 ,6.23 ,1.18 ,0.61 ,2.16 ,2.10 ,13.564 
0.340 ,40.120 ,2.980 ,20.730 ,0.891 ,0.689 ,0.699 ,21.34 ,400 ,3 ,640 ,0.0062 ,1.53 ,20.0 ,25 ,5.00 ,18.582 ,20 ,1440 ,6.23 ,1.18 ,0.61 ,2.16 ,2.10 ,14.839 
0.340 ,40.120 ,2.980 ,20.730 ,0.891 ,0.689 ,0.699 ,21.34 ,400 ,3 ,640 ,0.0062 ,1.53 ,20.0 ,25 ,5.00 ,18.582 ,20 ,1440 ,6.23 ,1.18 ,0.61 ,2.16 ,2.10 ,14.361 
0.340 ,40.120 ,2.980 ,20.730 ,0.891 ,0.689 ,0.699 ,21.34 ,400 ,3 ,640 ,0.0062 ,1.53 ,20.0 ,25 ,5.00 ,18.582 ,20 ,1440 ,6.23 ,1.18 ,0.61 ,2.16 ,2.10 ,14.449 
0.340 ,40.120 ,2.980 ,20.730 ,0.891 ,0.689 ,0.699 ,21.34 ,400 ,3 ,640 ,0.0062 ,1.53 ,20.0 ,25 ,7.00 ,18.482 ,20 ,1440 ,6.23 ,1.18 ,0.61 ,2.16 ,2.10 ,13.595 
0.340 ,40.120 ,2.980 ,20.730 ,0.891 ,0.689 ,0.699 ,21.34 ,400 ,3 ,640 ,0.0062 ,1.53 ,20.0 ,25 ,7.00 ,18.482 ,20 ,1440 ,6.23 ,1.18 ,0.61 ,2.16 ,2.10 ,13.336 
0.340 ,40.120 ,2.980 ,20.730 ,0.891 ,0.689 ,0.699 ,21.34 ,400 ,3 ,640 ,0.0062 ,1.53 ,20.0 ,25 ,7.00 ,18.482 ,20 ,1440 ,6.23 ,1.18 ,0.61 ,2.16 ,2.10 ,13.353 
0.340 ,40.120 ,2.980 ,20.730 ,0.891 ,0.689 ,0.699 ,21.34 ,400 ,3 ,640 ,0.0062 ,1.53 ,20.0 ,25 ,9.00 ,18.725 ,20 ,1440 ,6.23 ,1.18 ,0.61 ,2.16 ,2.10 ,10.219 
0.340 ,40.120 ,2.980 ,20.730 ,0.891 ,0.689 ,0.699 ,21.34 ,400 ,3 ,640 ,0.0062 ,1.53 ,20.0 ,25 ,9.00 ,18.725 ,20 ,1440 ,6.23 ,1.18 ,0.61 ,2.16 ,2.10 ,10.300 
0.340 ,40.120 ,2.980 ,20.730 ,0.891 ,0.689 ,0.699 ,21.34 ,400 ,3 ,640 ,0.0062 ,1.53 ,20.0 ,25 ,9.00 ,18.725 ,20 ,1440 ,6.23 ,1.18 ,0.61 ,2.16 ,2.10 ,10.190 
0.340 ,40.120 ,2.980 ,20.730 ,0.891 ,0.689 ,0.699 ,21.34 ,400 ,3 ,640 ,0.0062 ,1.53 ,20.0 ,25 ,11.00 ,19.160 ,20 ,1440 ,6.23 ,1.18 ,0.61 ,2.16 ,2.10 ,2.172 
0.340 ,40.120 ,2.980 ,20.730 ,0.891 ,0.689 ,0.699 ,21.34 ,400 ,3 ,640 ,0.0062 ,1.53 ,20.0 ,25 ,11.00 ,19.160 ,20 ,1440 ,6.23 ,1.18 ,0.61 ,2.16 ,2.10 ,2.257 
0.340 ,40.120 ,2.980 ,20.730 ,0.891 ,0.689 ,0.699 ,21.34 ,400 ,3 ,640 ,0.0062 ,1.53 ,20.0 ,25 ,11.00 ,19.160 ,20 ,1440 ,6.23 ,1.18 ,0.61 ,2.16 ,2.10 ,2.305 
,,,,,,,,,,,,,,,,,,,,,,,,
,,,,,,,,,,,,,,,,,,,,,,,,
,,,,,,,,,,,,,,,,,,,,,,,,
,,,,,,,,,,,,,,,,,,,,,,,,
,,,,,,,,,,,,,,,,,,,,,,,,
,,,,,,,,,,,,,,,,,,,,,,,,
,,,,,,,,,,,,,,,,,,,,,,,,
,,,,,,,,,,,,,,,,,,,,,,,,
,,,,,,,,,,,,,,,,,,,,,,,,
,,,,,,,,,,,,,,,,,,,,,,,,
,,,,,,,,,,,,,,,,,,,,,,,,
,,,,,,,,,,,,,,,,,,,,,,,,
,,,,,,,,,,,,,,,,,,,,,,,,
,,,,,,,,,,,,,,,,,,,,,,,,
,,,,,,,,,,,,,,,,,,,,,,,,
,,,,,,,,,,,,,,,,,,,,,,,,
,,,,,,,,,,,,,,,,,,,,,,,,
,,,,,,,,,,,,,,,,,,,,,,,,
,,,,,,,,,,,,,,,,,,,,,,,,
,,,,,,,,,,,,,,,,,,,,,,,,
,,,,,,,,,,,,,,,,,,,,,,,,
,,,,,,,,,,,,,,,,,,,,,,,,
,,,,,,,,,,,,,,,,,,,,,,,,
,,,,,,,,,,,,,,,,,,,,,,,,
,,,,,,,,,,,,,,,,,,,,,,,,
,,,,,,,,,,,,,,,,,,,,,,,,
,,,,,,,,,,,,,,,,,,,,,,,,
,,,,,,,,,,,,,,,,,,,,,,,,
,,,,,,,,,,,,,,,,,,,,,,,,
,,,,,,,,,,,,,,,,,,,,,,,,
,,,,,,,,,,,,,,,,,,,,,,,,
,,,,,,,,,,,,,,,,,,,,,,,,
,,,,,,,,,,,,,,,,,,,,,,,,
,,,,,,,,,,,,,,,,,,,,,,,,
,,,,,,,,,,,,,,,,,,,,,,,,
,,,,,,,,,,,,,,,,,,,,,,,,
,,,,,,,,,,,,,,,,,,,,,,,,
,,,,,,,,,,,,,,,,,,,,,,,,
,,,,,,,,,,,,,,,,,,,,,,,,
,,,,,,,,,,,,,,,,,,,,,,,,
,,,,,,,,,,,,,,,,,,,,,,,,
,,,,,,,,,,,,,,,,,,,,,,,,
,,,,,,,,,,,,,,,,,,,,,,,,
,,,,,,,,,,,,,,,,,,,,,,,,
,,,,,,,,,,,,,,,,,,,,,,,,
,,,,,,,,,,,,,,,,,,,,,,,,
,,,,,,,,,,,,,,,,,,,,,,,,
,,,,,,,,,,,,,,,,,,,,,,,,
,,,,,,,,,,,,,,,,,,,,,,,,
,,,,,,,,,,,,,,,,,,,,,,,,
,,,,,,,,,,,,,,,,,,,,,,,,
,,,,,,,,,,,,,,,,,,,,,,,,
,,,,,,,,,,,,,,,,,,,,,,,,
,,,,,,,,,,,,,,,,,,,,,,,,
,,,,,,,,,,,,,,,,,,,,,,,,
,,,,,,,,,,,,,,,,,,,,,,,,
,,,,,,,,,,,,,,,,,,,,,,,,
,,,,,,,,,,,,,,,,,,,,,,,,
,,,,,,,,,,,,,,,,,,,,,,,,
,,,,,,,,,,,,,,,,,,,,,,,,
,,,,,,,,,,,,,,,,,,,,,,,,
,,,,,,,,,,,,,,,,,,,,,,,,
,,,,,,,,,,,,,,,,,,,,,,,,
,,,,,,,,,,,,,,,,,,,,,,,,
,,,,,,,,,,,,,,,,,,,,,,,,
,,,,,,,,,,,,,,,,,,,,,,,,
,,,,,,,,,,,,,,,,,,,,,,,,
,,,,,,,,,,,,,,,,,,,,,,,,
,,,,,,,,,,,,,,,,,,,,,,,,
,,,,,,,,,,,,,,,,,,,,,,,,
,,,,,,,,,,,,,,,,,,,,,,,,
,,,,,,,,,,,,,,,,,,,,,,,,
,,,,,,,,,,,,,,,,,,,,,,,,
,,,,,,,,,,,,,,,,,,,,,,,,
,,,,,,,,,,,,,,,,,,,,,,,,
,,,,,,,,,,,,,,,,,,,,,,,,
,,,,,,,,,,,,,,,,,,,,,,,,
,,,,,,,,,,,,,,,,,,,,,,,,
,,,,,,,,,,,,,,,,,,,,,,,,
,,,,,,,,,,,,,,,,,,,,,,,,
,,,,,,,,,,,,,,,,,,,,,,,,
,,,,,,,,,,,,,,,,,,,,,,,,
,,,,,,,,,,,,,,,,,,,,,,,,
,,,,,,,,,,,,,,,,,,,,,,,,
,,,,,,,,,,,,,,,,,,,,,,,,
,,,,,,,,,,,,,,,,,,,,,,,,
,,,,,,,,,,,,,,,,,,,,,,,,
,,,,,,,,,,,,,,,,,,,,,,,,
,,,,,,,,,,,,,,,,,,,,,,,,
,,,,,,,,,,,,,,,,,,,,,,,,
,,,,,,,,,,,,,,,,,,,,,,,,
,,,,,,,,,,,,,,,,,,,,,,,,
,,,,,,,,,,,,,,,,,,,,,,,,
